State,Count
Maharastra,61086
,46501
Tamil Nadu,27304
Karnataka,25000
Uttar Pradesh,24315
Haryana,22530
Telangana,20931
Delhi,19625
West Bengal,16413
Punjab,14208
Andhra Pradesh,5023
Rajasthan,4758
Chattisgarh,3536
Uttarakhand,2857
Madhya Pradesh,2620
Chandigarh,1976
Orissa,1923
Kerala,587
Goa,555
Bihar,502
Jharkhand,472
Assam,440
Himachal_Pradesh,107
"[{'Url': 'Https://Www.99Acres.Com/Residential-Land-Plot-For-Sale-In-Vaishnavi-Urban-County-Jigani-Bangalore-South-89-Sq-Yard-To-140-Sq-Yard-Npspid-X80116283', 'Beds': 0, 'City': 'Bangalore', 'Date': '2025-02-19', 'Size': '799-1258 Sqft', 'Type': 'Residential Land / Plot', 'Baths': 0, 'Price': 2317000, 'Neighborhood': 'Jigani'}, {'Url': 'Https://Www.99Acres.Com/2-Bhk-Bedroom-Apartment-Flat-For-Sale-In-Prestige-Jindal-City-Tumkur-Road-Bangalore-West-1085-Sq-Ft-Spid-F79144279', 'Beds': 2, 'City': 'Bangalore', 'Date': '2025-02-19', 'Size': '1085 Sqft', 'Type': '2 Bhk Flat', 'Baths': 2, 'Price': 12500000, 'Neighborhood': 'Tumkur Road'}, {'Url': 'Https://Www.99Acres.Com/Sumadhura-Capitol-Residences-Whitefield-Bangalore-East-Npxid-R433778', 'Beds': 3, 'City': 'Bangalore', 'Date': '2025-02-19', 'Size': '1525-2150 Sqft', 'Type': '3, 4 Bhk Apartment', 'Baths': 0, 'Price': 23200000, 'Neighborhood': 'Whitefield'}, {'Url': 'Https://Www.99Acres.Com/Provident-Botanico-Soukya-Road-Bangalore-East-Npxid-R424433', 'Beds': 2, 'City': 'Bangalore', 'Date': '2025-02-19', 'Size': '658-1003 Sqft', 'Type': '2, 3 Bhk Apartment', 'Baths': 0, 'Price': 889000, 'Neighborhood': 'Soukya Road'}, {'Url': 'Https://Www.99Acres.Com/Kvg-Superior-Kalkere-Bangalore-South-Npxid-R438820', 'Beds': 2, 'City': 'Bangalore', 'Date': '2025-02-19', 'Size': '1179-1449 Sqft', 'Type': '2, 3 Bhk Apartment', 'Baths': 0, 'Price': 6483000, 'Neighborhood': 'Kalkere'}, {'Url': 'Https://Www.99Acres.Com/Nambiar-District-25-Sarjapur-Road-Bangalore-East-Npxid-R432506', 'Beds': 2, 'City': 'Bangalore', 'Date': '2025-02-19', 'Size': '1199-2484 Sqft', 'Type': '2, 3, 4 Bhk Apartment', 'Baths': 0, 'Price': 15000000, 'Neighborhood': 'Sarjapur Road'}, {'Url': 'Https://Www.99Acres.Com/Mahaveer-Celesse-Yelahanka-Bangalore-North-Npxid-R263821', 'Beds': 2, 'City': 'Bangalore', 'Date': '2025-02-19', 'Size': '794-1923 Sqft', 'Type': '2, 3 Bhk Apartment', 'Baths': 0, 'Price': 7518000, 'Neighborhood': 'Yelahanka'}, {'Url': 'Https://Www.99Acres.Com/Keya-Life-By-The-Lake-Hebbal-Bangalore-North-Npxid-R178479', 'Beds': 4, 'City': 'Bangalore', 'Date': '2025-02-19', 'Size': '0 Sqft', 'Type': '4, 5 Bhk Villa', 'Baths': 0, 'Price': 39800000, 'Neighborhood': 'Hebbal'}, {'Url': 'Https://Www.99Acres.Com/Amrutha-Platinum-Towers-Whitefield-Bangalore-East-Npxid-R305417', 'Beds': 2, 'City': 'Bangalore', 'Date': '2025-02-19', 'Size': '1006-1636 Sqft', 'Type': '2, 3 Bhk Apartment', 'Baths': 0, 'Price': 11100000, 'Neighborhood': 'Whitefield'}, {'Url': 'Https://Www.99Acres.Com/Keya-Spring-Bannerghatta-Road-Bangalore-South-Npxid-R401648', 'Beds': 2, 'City': 'Bangalore', 'Date': '2025-02-19', 'Size': '1335-2700 Sqft', 'Type': '2, 3, 4 Bhk Apartment', 'Baths': 0, 'Price': 15700000, 'Neighborhood': 'Bannerghatta Road'}, {'Url': 'Https://Www.99Acres.Com/4-Bhk-Bedroom-Apartment-Flat-For-Sale-In-Trump-Tower-Sector-65-Gurgaon-6050-Sq-Ft-R2-Spid-I63419088', 'Beds': 4, 'City': 'Gurgaon', 'Date': '2025-02-19', 'Size': '6050 Sqft', 'Type': '4 Bhk Flat', 'Baths': 4, 'Price': 200000000, 'Neighborhood': 'Sector 65'}, {'Url': 'Https://Www.99Acres.Com/4-Bhk-Bedroom-Apartment-Flat-For-Sale-In-Indiabulls-Centrum-Park-Sector-103-Gurgaon-4200-Sq-Ft-Spid-Y78047881', 'Beds': 4, 'City': 'Gurgaon', 'Date': '2025-02-19', 'Size': '4200 Sqft', 'Type': '4 Bhk Flat', 'Baths': 4, 'Price': 40100000, 'Neighborhood': 'Sector 103'}, {'Url': 'Https://Www.99Acres.Com/Elan-The-Presidential-Sector-106-Gurgaon-Npxid-R400451', 'Beds': 3, 'City': 'Gurgaon', 'Date': '2025-02-19', 'Size': '', 'Type': '3, 4, 5 Bhk Apartment', 'Baths': 0, 'Price': 45400000, 'Neighborhood': 'Sector 106'}, {'Url': 'Https://Www.99Acres.Com/Signature-Global-Daxin-Vistas-Sohna-Gurgaon-Npxid-R433274', 'Beds': 3, 'City': 'Gurgaon', 'Date': '2025-02-19', 'Size': '', 'Type': '3 Bhk Independent Floor', 'Baths': 0, 'Price': 23300000, 'Neighborhood': 'Sohna'}, {'Url': 'Https://Www.99Acres.Com/Smartworld-One-Dxp-Sector-113-Gurgaon-Npxid-R400415', 'Beds': 2, 'City': 'Gurgaon', 'Date': '2025-02-19', 'Size': '', 'Type': '2, 3, 4 Bhk Apartment', 'Baths': 0, 'Price': 35800000, 'Neighborhood': 'Sector 113'}, {'Url': 'Https://Www.99Acres.Com/M3M-Mansion-Sector-113-Gurgaon-Npxid-R424460', 'Beds': 2, 'City': 'Gurgaon', 'Date': '2025-02-19', 'Size': '', 'Type': '2, 3, 4, 5 Bhk Apartment', 'Baths': 0, 'Price': 45500000, 'Neighborhood': 'Sector 113'}, {'Url': 'Https://Www.99Acres.Com/Krisumi-Waterside-Residences-Sector-36A-Gurgaon-Npxid-R422937', 'Beds': 2, 'City': 'Gurgaon', 'Date': '2025-02-19', 'Size': '', 'Type': '2, 3, 4 Bhk Apartment', 'Baths': 0, 'Price': 41800000, 'Neighborhood': 'Sector 36A'}, {'Url': 'Https://Www.99Acres.Com/Tarc-Ishva-Sector-63A-Gurgaon-Npxid-R432550', 'Beds': 3, 'City': 'Gurgaon', 'Date': '2025-02-19', 'Size': '', 'Type': '3, 4 Bhk Apartment', 'Baths': 0, 'Price': 58400000, 'Neighborhood': 'Sector 63A'}, {'Url': 'Https://Www.99Acres.Com/Signature-Global-Titanium-Spr-Sector-71-Gurgaon-Npxid-R428412', 'Beds': 3, 'City': 'Gurgaon', 'Date': '2025-02-19', 'Size': '', 'Type': '3, 4 Bhk Apartment', 'Baths': 0, 'Price': 47300000, 'Neighborhood': 'Sector 71'}, {'Url': 'Https://Www.99Acres.Com/Residential-Land-Plot-For-Sale-In-Rosewood-City-Gurgaon-1000-Sq-Yard-Spid-W80263135', 'Beds': 0, 'City': 'Gurgaon', 'Date': '2025-02-19T04:38:38.179Z', 'Size': '9000 Sqft', 'Type': 'Residential Land / Plot', 'Baths': 0, 'Price': 249500000, 'Neighborhood': 'Rosewood City'}, {'Url': 'Https://Www.99Acres.Com/Godrej-Aristocrat-Sector-49-Gurgaon-Npxid-R419936', 'Beds': 3, 'City': 'Gurgaon', 'Date': '2025-02-19T04:38:38.179Z', 'Size': '967.58 - 1,751.41 Sqft', 'Type': '3 Bhk Apartment', 'Baths': 0, 'Price': 52800000, 'Neighborhood': 'Sector 49'}, {'Url': 'Https://Www.99Acres.Com/4-Bhk-Bedroom-Apartment-Flat-For-Sale-In-Godrej-Aristocrat-Sector-49-Gurgaon-1940-Sq-Ft-Spid-U79308375', 'Beds': 4, 'City': 'Gurgaon', 'Date': '2025-02-19T04:38:38.179Z', 'Size': '1942 Sqft', 'Type': '4 Bhk Apartment', 'Baths': 5, 'Price': 69000000, 'Neighborhood': 'Sector 49'}, {'Url': 'Https://Www.99Acres.Com/4-Bhk-Bedroom-Apartment-Flat-For-Sale-In-Orchid-Petals-Uppals-Southend-Gurgaon-2562-Sq-Ft-Spid-F79012087', 'Beds': 4, 'City': 'Gurgaon', 'Date': '2025-02-19T04:38:38.179Z', 'Size': '2562 Sqft', 'Type': '4 Bhk Flat', 'Baths': 4, 'Price': 41600000, 'Neighborhood': 'Uppals Southend'}, {'Url': 'Https://Www.99Acres.Com/3-Bhk-Bedroom-Apartment-Flat-For-Sale-In-Orchid-Petals-Sector-49-Gurgaon-1805-Sq-Ft-Spid-D79543409', 'Beds': 3, 'City': 'Gurgaon', 'Date': '2025-02-19T04:38:38.179Z', 'Size': '1805 Sqft', 'Type': '3 Bhk Flat', 'Baths': 3, 'Price': 30500000, 'Neighborhood': 'Sector 49'}, {'Url': 'Https://Www.99Acres.Com/4-Bhk-Bedroom-Independent-Builder-Floor-For-Sale-In-South-City-2-Gurgaon-4500-Sq-Ft-Spid-Q79885617', 'Beds': 4, 'City': 'Gurgaon', 'Date': '2025-02-19T04:38:38.179Z', 'Size': '4500 Sqft', 'Type': '4 Bhk Independent Builder Floor', 'Baths': 5, 'Price': 45000000, 'Neighborhood': 'South City 2'}, {'Url': 'Https://Www.99Acres.Com/4-Bhk-Bedroom-Independent-Builder-Floor-For-Sale-In-Rosewood-City-Gurgaon-3150-Sq-Ft-Spid-N79854273', 'Beds': 4, 'City': 'Gurgaon', 'Date': '2025-02-19T04:38:38.179Z', 'Size': '3150 Sqft', 'Type': '4 Bhk Independent Builder Floor', 'Baths': 4, 'Price': 44900000, 'Neighborhood': 'Rosewood City'}, {'Url': 'Https://Www.99Acres.Com/4-Bhk-Bedroom-Independent-Builder-Floor-For-Sale-In-Luxury-Builder-Floor-In-South-City-2-South-City-2-Gurgaon-3240-Sq-Ft-Spid-L79885421', 'Beds': 4, 'City': 'Gurgaon', 'Date': '2025-02-19T04:38:38.179Z', 'Size': '3240 Sqft', 'Type': '4 Bhk Independent Builder Floor', 'Baths': 4, 'Price': 34000000, 'Neighborhood': 'South City 2'}, {'Url': 'Https://Www.99Acres.Com/3-Bhk-Bedroom-Independent-House-Villa-For-Sale-In-Atchampeta-Kakinada-2600-Sq-Ft-Spid-F79579347', 'Beds': 3, 'City': 'Kakinada', 'Date': '1Mo Ago', 'Size': '2600 Sqft', 'Type': 'Luxury Villa', 'Baths': 5, 'Price': 16500000, 'Neighborhood': 'Atchampeta'}, {'Url': 'Https://Www.99Acres.Com/3-Bhk-Bedroom-Independent-House-Villa-For-Sale-In-Kovvada-Kakinada-1800-Sq-Ft-Spid-W79454185', 'Beds': 3, 'City': 'Kakinada', 'Date': '1Mo Ago', 'Size': '1800 Sqft', 'Type': 'Luxury Villa', 'Baths': 2, 'Price': 11600000, 'Neighborhood': 'Kovvada'}, {'Url': 'Https://Www.99Acres.Com/4-Bhk-Bedroom-Independent-House-Villa-For-Sale-In-Vakalapudi-Kakinada-165-Sq-Ft-Spid-J78732827', 'Beds': 4, 'City': 'Kakinada', 'Date': '2Mo Ago', 'Size': '165 Sqft', 'Type': 'Luxury Villa', 'Baths': 6, 'Price': 10000000, 'Neighborhood': 'Vakalapudi'}, {'Url': 'Https://Www.99Acres.Com/5-Bhk-Bedroom-Independent-House-Villa-For-Sale-In-Sasikanth-Nagar-Kakinada-28800-Sq-Ft-Spid-O80294923', 'Beds': 5, 'City': 'Kakinada', 'Date': '4D Ago', 'Size': '2304 Sqft', 'Type': 'Luxury Villa', 'Baths': 5, 'Price': 20000000, 'Neighborhood': 'Sasikanth Nagar'}, {'Url': 'Https://Www.99Acres.Com/4-Bhk-Bedroom-Independent-House-Villa-For-Sale-In-Sasikanth-Nagar-Kakinada-2400-Sq-Ft-Spid-O80266555', 'Beds': 4, 'City': 'Kakinada', 'Date': '6D Ago', 'Size': '230 Sqft', 'Type': 'Luxury Villa', 'Baths': 5, 'Price': 20000000, 'Neighborhood': 'Sasikanth Nagar'}, {'Url': 'Https://Www.99Acres.Com/5-Bhk-Bedroom-Independent-House-Villa-For-Sale-In-Ramanayapeta-Kakinada-3150-Sq-Ft-Spid-X80181911', 'Beds': 5, 'City': 'Kakinada', 'Date': '1W Ago', 'Size': '3150 Sqft', 'Type': 'Luxury Villa', 'Baths': 5, 'Price': 25000000, 'Neighborhood': 'Ramanayapeta'}, {'Url': 'Https://Www.99Acres.Com/3-Bhk-Bedroom-Independent-House-Villa-For-Sale-In-Atchampeta-Kakinada-2600-Sq-Ft-Spid-F79579347', 'Beds': 3, 'City': 'Kakinada', 'Date': '2025-01-19', 'Size': '2600 Sqft', 'Type': 'Villa', 'Baths': 5, 'Price': 16500000, 'Neighborhood': 'Atchampeta'}, {'Url': 'Https://Www.99Acres.Com/3-Bhk-Bedroom-Independent-House-Villa-For-Sale-In-Kovvada-Kakinada-1800-Sq-Ft-Spid-W79454185', 'Beds': 3, 'City': 'Kakinada', 'Date': '2025-01-19', 'Size': '1800 Sqft', 'Type': 'Villa', 'Baths': 2, 'Price': 11600000, 'Neighborhood': 'Kovvada'}, {'Url': 'Https://Www.99Acres.Com/2-Bhk-Bedroom-Independent-House-Villa-For-Sale-In-Madhavapatnam-Kakinada-350-Sq-Ft-R1-Spid-A76438401', 'Beds': 2, 'City': 'Kakinada', 'Date': '2025-01-19', 'Size': '350 Sqft', 'Type': 'Villa', 'Baths': 1, 'Price': 5500000, 'Neighborhood': 'Madhavapatnam'}, {'Url': 'Https://Www.99Acres.Com/3-Bhk-Bedroom-Independent-House-Villa-For-Sale-In-Sbi-Employees-Colony-Kakinada-1283-Sq-Ft-Spid-J78764367', 'Beds': 3, 'City': 'Kakinada', 'Date': '2025-01-19', 'Size': '1368 Sqft', 'Type': 'Villa', 'Baths': 3, 'Price': 6900000, 'Neighborhood': 'Sbi Employees Colony'}, {'Url': 'Https://Www.99Acres.Com/4-Bhk-Bedroom-Independent-House-Villa-For-Sale-In-Vakalapudi-Kakinada-165-Sq-Ft-Spid-J78732827', 'Beds': 4, 'City': 'Kakinada', 'Date': '2025-01-19', 'Size': '165 Sqft', 'Type': 'Villa', 'Baths': 6, 'Price': 10000000, 'Neighborhood': 'Vakalapudi'}, {'Url': 'Https://Www.99Acres.Com/5-Bhk-Bedroom-Independent-House-Villa-For-Sale-In-Sasikanth-Nagar-Kakinada-28800-Sq-Ft-Spid-O80294923', 'Beds': 5, 'City': 'Kakinada', 'Date': '2025-01-19', 'Size': '2304 Sqft', 'Type': 'Villa', 'Baths': 4, 'Price': 20000000, 'Neighborhood': 'Sasikanth Nagar'}, {'Url': 'Https://Www.99Acres.Com/3-Bhk-Bedroom-Independent-House-Villa-For-Sale-In-Rameswaram-Kakinada-1450-Sq-Ft-Spid-G80269003', 'Beds': 3, 'City': 'Kakinada', 'Date': '2025-01-19', 'Size': '1450 Sqft', 'Type': 'Villa', 'Baths': 2, 'Price': 5800000, 'Neighborhood': 'Rameswaram'}, {'Url': 'Https://Www.99Acres.Com/4-Bhk-Bedroom-Independent-House-Villa-For-Sale-In-Sasikanth-Nagar-Kakinada-2400-Sq-Ft-Spid-O80266555', 'Beds': 4, 'City': 'Kakinada', 'Date': '2025-01-19', 'Size': '230 Sqft', 'Type': 'Villa', 'Baths': 5, 'Price': 20000000, 'Neighborhood': 'Sasikanth Nagar'}, {'Url': 'Https://Www.99Acres.Com/5-Bhk-Bedroom-Independent-House-Villa-For-Sale-In-Ramanayapeta-Kakinada-3150-Sq-Ft-Spid-X80181911', 'Beds': 5, 'City': 'Kakinada', 'Date': '2025-01-19', 'Size': '3150 Sqft', 'Type': 'Villa', 'Baths': 5, 'Price': 25000000, 'Neighborhood': 'Ramanayapeta'}, {'Url': 'Https://Www.99Acres.Com/4-Bhk-Bedroom-Independent-House-Villa-For-Sale-In-Ramanayapeta-Kakinada-1422-Sq-Ft-Spid-T80143813', 'Beds': 4, 'City': 'Kakinada', 'Date': '2025-01-19', 'Size': '1422 Sqft', 'Type': 'Villa', 'Baths': 2, 'Price': 8000000, 'Neighborhood': 'Ramanayapeta'}, {'Url': 'Https://Www.99Acres.Com/Residential-Land-Plot-For-Sale-In-Thagarapuvalasa-Visakhapatnam-167-Sq-Yard-Spid-I76078449', 'Beds': 0, 'City': 'Visakhapatnam', 'Date': '2025-02-19T04:38:36.102Z', 'Size': '1503 Sqft', 'Type': 'Residential Land / Plot', 'Baths': 0, 'Price': 4676000, 'Neighborhood': 'Thagarapuvalasa'}, {'Url': 'Https://Www.99Acres.Com/Residential-Land-Plot-For-Sale-In-Bheemili-Visakhapatnam-140-Sq-Yard-Spid-I76618949', 'Beds': 0, 'City': 'Visakhapatnam', 'Date': '2025-02-19T04:38:36.102Z', 'Size': '1260 Sqft', 'Type': 'Residential Land / Plot', 'Baths': 0, 'Price': 3780000, 'Neighborhood': 'Bheemili'}, {'Url': 'Https://Www.99Acres.Com/Rudra-Seniors-Madhurawada-Visakhapatnam-Npxid-R408482', 'Beds': 2, 'City': 'Visakhapatnam', 'Date': '2025-02-19T04:38:36.102Z', 'Size': '990 - 1245 Sqft', 'Type': '2 Bhk Apartment', 'Baths': 2, 'Price': 4940000, 'Neighborhood': 'Madhurawada'}, {'Url': 'Https://Www.99Acres.Com/Vk-Erica-Madhurawada-Visakhapatnam-Npxid-R438076', 'Beds': 3, 'City': 'Visakhapatnam', 'Date': '2025-02-19T04:38:36.102Z', 'Size': '1630 - 2190 Sqft', 'Type': '3 Bhk Apartment', 'Baths': 3, 'Price': 9454000, 'Neighborhood': 'Madhurawada'}, {'Url': 'Https://Www.99Acres.Com/Akr-Garden-City-2-Chelluru-Visakhapatnam-Npxid-R424615', 'Beds': 0, 'City': 'Visakhapatnam', 'Date': '2025-02-19T04:38:36.102Z', 'Size': None, 'Type': 'Land', 'Baths': 0, 'Price': 2500000, 'Neighborhood': 'Chelluru'}, {'Url': 'Https://Www.99Acres.Com/The-Celest-Gajuwaka-Visakhapatnam-Npxid-R377188', 'Beds': 2, 'City': 'Visakhapatnam', 'Date': '2025-02-19T04:38:36.102Z', 'Size': '823 - 1117 Sqft', 'Type': '2, 3 Bhk Apartment', 'Baths': 2, 'Price': 7501000, 'Neighborhood': 'Gajuwaka'}, {'Url': 'Https://Www.99Acres.Com/Edara-Twilight-Park-Shivaji-Palem-Visakhapatnam-Npxid-R439018', 'Beds': 3, 'City': 'Visakhapatnam', 'Date': '2025-02-19T04:38:36.102Z', 'Size': '2195 - 2650 Sqft', 'Type': '3 Bhk Apartment', 'Baths': 3, 'Price': 18700000, 'Neighborhood': 'Shivaji Palem'}, {'Url': 'Https://Www.99Acres.Com/Mvv-And-Mk-Park-Gajuwaka-Visakhapatnam-Npxid-R331705', 'Beds': 2, 'City': 'Visakhapatnam', 'Date': '2025-02-19T04:38:36.102Z', 'Size': '895 - 1050 Sqft', 'Type': '2 Bhk Apartment', 'Baths': 2, 'Price': 3133000, 'Neighborhood': 'Gajuwaka'}, {'Url': 'Https://Www.99Acres.Com/Mvv-Towers-Yendada-Visakhapatnam-Npxid-R385012', 'Beds': 2, 'City': 'Visakhapatnam', 'Date': '2025-02-19T04:38:36.102Z', 'Size': '1158 - 1474 Sqft', 'Type': '2, 3 Bhk Apartment', 'Baths': 2, 'Price': 6947000, 'Neighborhood': 'Yendada'}, {'Url': 'Https://Www.99Acres.Com/Rs-Aurora-Bay-Bheemili-Visakhapatnam-Npxid-R411360', 'Beds': 3, 'City': 'Visakhapatnam', 'Date': '2025-02-19T04:38:36.102Z', 'Size': '3503 - 6226 Sqft', 'Type': '3, 4, 5, 6 Bhk Villa', 'Baths': 3, 'Price': 29800000, 'Neighborhood': 'Bheemili'}, {'Url': 'Https://Www.99Acres.Com/Residential-Land-Plot-For-Sale-In-Vennala-Kochi-339-Sq-Yard-Spid-D78423293', 'Beds': 0, 'City': 'Kochi', 'Date': '3Mo Ago', 'Size': '3049 Sqft', 'Type': 'Residential Land / Plot', 'Baths': 0, 'Price': 12000000, 'Neighborhood': 'Vennala'}, {'Url': 'Https://Www.99Acres.Com/Residential-Land-Plot-For-Sale-In-Vennala-Kochi-1162-Sq-Yard-Spid-O79520349', 'Beds': 0, 'City': 'Kochi', 'Date': '1Mo Ago', 'Size': '10454 Sqft', 'Type': 'Residential Land / Plot', 'Baths': 0, 'Price': 39600000, 'Neighborhood': 'Vennala'}, {'Url': 'Https://Www.99Acres.Com/3-Bhk-Bedroom-Apartment-Flat-For-Sale-In-Nagpal-Sapphire-Heights-Vennala-Kochi-1388-Sq-Ft-Spid-D80169371', 'Beds': 3, 'City': 'Kochi', 'Date': '1W Ago', 'Size': '1388 Sqft', 'Type': '3 Bhk Flat', 'Baths': 2, 'Price': 7500000, 'Neighborhood': 'Nagpal Sapphire Heights'}, {'Url': 'Https://Www.99Acres.Com/3-Bhk-Bedroom-Independent-House-Villa-For-Sale-In-Vennala-Kochi-1375-Sq-Ft-Spid-J79757557', 'Beds': 3, 'City': 'Kochi', 'Date': '4W Ago', 'Size': '1375 Sqft', 'Type': '3 Bedroom House', 'Baths': 3, 'Price': 7000000, 'Neighborhood': 'Vennala'}, {'Url': 'Https://Www.99Acres.Com/3-Bhk-Bedroom-Apartment-Flat-For-Sale-In-Vennala-Kochi-1350-Sq-Ft-R1-Spid-J51800632', 'Beds': 3, 'City': 'Kochi', 'Date': '1Mo Ago', 'Size': '1350 Sqft', 'Type': '3 Bhk Flat', 'Baths': 3, 'Price': 5000000, 'Neighborhood': 'Sheetal Apartments'}, {'Url': 'Https://Www.99Acres.Com/Residential-Land-Plot-For-Sale-In-Chalikavattom-Kochi-104-Sq-Yard-Spid-G78545131', 'Beds': 0, 'City': 'Kochi', 'Date': '3Mo Ago', 'Size': '940 Sqft', 'Type': 'Residential Land / Plot', 'Baths': 0, 'Price': 1500000, 'Neighborhood': 'Chalikavattom'}, {'Url': 'Https://Www.99Acres.Com/3-Bhk-Bedroom-Independent-House-Villa-For-Sale-In-Chalikavattom-Kochi-1375-Sq-Ft-Spid-B78323137', 'Beds': 3, 'City': 'Kochi', 'Date': '3Mo Ago', 'Size': '1375 Sqft', 'Type': '3 Bedroom House', 'Baths': 3, 'Price': 7000000, 'Neighborhood': 'Chalikavattom'}, {'Url': 'Https://Www.99Acres.Com/2-Bhk-Bedroom-Apartment-Flat-For-Sale-In-Chalikavattom-Kochi-1000-Sq-Ft-R5-Spid-P60024418', 'Beds': 2, 'City': 'Kochi', 'Date': '2W Ago', 'Size': '1000 Sqft', 'Type': '2 Bhk Flat', 'Baths': 2, 'Price': 8000000, 'Neighborhood': 'Good Earth Hamlet'}, {'Url': 'Https://Www.99Acres.Com/3-Bhk-Bedroom-Independent-House-Villa-For-Sale-In-Chakkaraparambu-Kochi-1000-Sq-Ft-R2-Spid-R63177728', 'Beds': 3, 'City': 'Kochi', 'Date': '2Mo Ago', 'Size': '1000 Sqft', 'Type': '3 Bedroom House', 'Baths': 3, 'Price': 7500000, 'Neighborhood': 'Chakkaraparambu'}, {'Url': 'Https://Www.99Acres.Com/Residential-Land-Plot-For-Sale-In-Chakkaraparambu-Kochi-3975-Sq-Yard-R1-Spid-Q55098104', 'Beds': 0, 'City': 'Kochi', 'Date': '2Mo Ago', 'Size': '35790 Sqft', 'Type': 'Residential Land / Plot', 'Baths': 0, 'Price': 35000000, 'Neighborhood': 'Chakkaraparambu'}, {'Url': 'Https://Www.99Acres.Com/9-Bhk-Bedroom-Independent-House-Villa-For-Sale-In-Sector-39-Noida-3226-Sq-Ft-R8-Spid-U66608396', 'Beds': 9, 'City': 'Noida', 'Date': '1Mo Ago', 'Size': '3229 Sqft', 'Type': 'Independent House/Villa', 'Baths': 9, 'Price': 55000000, 'Neighborhood': 'Sector 39'}, {'Url': 'Https://Www.99Acres.Com/Residential-Land-Plot-For-Sale-In-Rwa-Sector-122-Sector-122-Noida-538-Sq-Yard-Spid-C79242955', 'Beds': 0, 'City': 'Noida', 'Date': 'Yesterday', 'Size': '4843 Sqft', 'Type': 'Residential Land', 'Baths': 0, 'Price': 90000000, 'Neighborhood': 'Sector 122'}, {'Url': 'Https://Www.99Acres.Com/Ivory-County-Sector-115-Noida-Npxid-R400436', 'Beds': 3, 'City': 'Noida', 'Date': '', 'Size': '2034 - 6939 Sqft', 'Type': '3, 4, 5 Bhk Apartment', 'Baths': 0, 'Price': 295000000, 'Neighborhood': 'Sector 115'}, {'Url': 'Https://Www.99Acres.Com/Ivy-County-Sector-75-Noida-Npxid-R341813', 'Beds': 3, 'City': 'Noida', 'Date': '', 'Size': '1656 - 2511 Sqft', 'Type': '3, 4 Bhk Apartment', 'Baths': 0, 'Price': 265000000, 'Neighborhood': 'Sector 75'}, {'Url': 'Https://Www.99Acres.Com/Aba-Cleo-County-Sector-121-Noida-Npxid-R2274', 'Beds': 3, 'City': 'Noida', 'Date': '', 'Size': '1350 - 4455 Sqft', 'Type': '3, 4 Bhk Apartment', 'Baths': 0, 'Price': 230000000, 'Neighborhood': 'Sector 121'}, {'Url': 'Https://Www.99Acres.Com/Rg-Mirage-Sector-120-Noida-Npxid-R384794', 'Beds': 3, 'City': 'Noida', 'Date': '', 'Size': '1218 - 1629 Sqft', 'Type': '3, 4 Bhk Apartment', 'Baths': 0, 'Price': 254000000, 'Neighborhood': 'Sector 120'}, {'Url': 'Https://Www.99Acres.Com/Mahagun-Mezzaria-Sector-78-Noida-Npxid-R2584', 'Beds': 3, 'City': 'Noida', 'Date': '', 'Size': '2500 - 6000 Sqft', 'Type': '3, 4, 5 Bhk Apartment', 'Baths': 0, 'Price': 338000000, 'Neighborhood': 'Sector 78'}, {'Url': 'Https://Www.99Acres.Com/Express-Zenith-Sector-77-Noida-Npxid-R4376', 'Beds': 2, 'City': 'Noida', 'Date': '', 'Size': '990 - 3955 Sqft', 'Type': '2, 3, 4 Bhk Apartment', 'Baths': 0, 'Price': 9405000, 'Neighborhood': 'Sector 77'}, {'Url': 'Https://Www.99Acres.Com/Avs-Orchard-Sector-77-Noida-Npxid-R35394', 'Beds': 2, 'City': 'Noida', 'Date': '', 'Size': '1100 - 2760 Sqft', 'Type': '2, 3, 4 Bhk Apartment', 'Baths': 0, 'Price': 11000000, 'Neighborhood': 'Sector 77'}, {'Url': 'Https://Www.99Acres.Com/Elite-Golf-Greens-Sector-79-Noida-Npxid-R237278', 'Beds': 2, 'City': 'Noida', 'Date': '', 'Size': '1215 - 2715 Sqft', 'Type': '2, 3, 4, 5 Bhk Apartment', 'Baths': 0, 'Price': 16000000, 'Neighborhood': 'Sector 79'}, {'Url': 'Https://Www.99Acres.Com/Residential-Land-Plot-For-Sale-In-Od-Kedeswar-Vihar-Phulnakhara-Bhubaneswar-133-Sq-Yard-To-222-Sq-Yard-Npspid-S78806221', 'Beds': 0, 'City': 'Bhubaneswar', 'Date': '2025-02-19', 'Size': '1200-2000 Sqft', 'Type': 'Residential Land / Plot', 'Baths': 0, 'Price': 1559000, 'Neighborhood': 'Phulnakhara'}, {'Url': 'Https://Www.99Acres.Com/3-Bhk-Bedroom-Apartment-Flat-For-Sale-In-Shuvam-Meadows-Patia-Bhubaneswar-2179-Sq-Ft-Spid-V79818033', 'Beds': 3, 'City': 'Bhubaneswar', 'Date': '2025-02-19', 'Size': '2179 Sqft', 'Type': '3 Bhk Flat', 'Baths': 3, 'Price': 18000000, 'Neighborhood': 'Patia'}, {'Url': 'Https://Www.99Acres.Com/Mahima-Greenex-Hanspal-Bhubaneswar-Npxid-R413530', 'Beds': 2, 'City': 'Bhubaneswar', 'Date': '2025-02-19', 'Size': '758.34 - 945.73 Sqft', 'Type': '2, 3 Bhk Apartment', 'Baths': 0, 'Price': 7900000, 'Neighborhood': 'Hanspal'}, {'Url': 'Https://Www.99Acres.Com/One-World-Janla-Bhubaneswar-Npxid-R424559', 'Beds': 2, 'City': 'Bhubaneswar', 'Date': '2025-02-19', 'Size': '1185 - 1610 Sqft', 'Type': '2, 3 Bhk Apartment', 'Baths': 0, 'Price': 8938000, 'Neighborhood': 'Janla'}, {'Url': 'Https://Www.99Acres.Com/Urban-Sereno-Gothapatna-Bhubaneswar-Npxid-R420678', 'Beds': 2, 'City': 'Bhubaneswar', 'Date': '2025-02-19', 'Size': '1691 - 2543 Sqft', 'Type': '2, 3 Bhk Apartment', 'Baths': 0, 'Price': 8286000, 'Neighborhood': 'Gothapatna'}, {'Url': 'Https://Www.99Acres.Com/Falcon-Tatva-Khandagiri-Bhubaneswar-Npxid-R411558', 'Beds': 3, 'City': 'Bhubaneswar', 'Date': '2025-02-19', 'Size': '1527 - 2078 Sqft', 'Type': '3, 4 Bhk Apartment', 'Baths': 0, 'Price': 20600000, 'Neighborhood': 'Khandagiri'}, {'Url': 'Https://Www.99Acres.Com/Motwani-Anantara-Jharapada-Bhubaneswar-Npxid-R421539', 'Beds': 3, 'City': 'Bhubaneswar', 'Date': '2025-02-19', 'Size': '2160 - 3190 Sqft', 'Type': '3, 4 Bhk Apartment', 'Baths': 0, 'Price': 14700000, 'Neighborhood': 'Jharapada'}, {'Url': 'Https://Www.99Acres.Com/Z-Padmanabha-Pahala-Bhubaneswar-Npxid-R413474', 'Beds': 2, 'City': 'Bhubaneswar', 'Date': '2025-02-19', 'Size': '923 - 3097 Sqft', 'Type': '2, 3, 4, 5 Bhk Apartment', 'Baths': 0, 'Price': 11800000, 'Neighborhood': 'Pahala'}, {'Url': 'Https://Www.99Acres.Com/Utkal-Reserve-Patrapada-Bhubaneswar-Npxid-R390078', 'Beds': 2, 'City': 'Bhubaneswar', 'Date': '2025-02-19', 'Size': '1877 - 3038 Sqft', 'Type': '2, 3, 4, 5 Bhk Apartment', 'Baths': 0, 'Price': 14000000, 'Neighborhood': 'Patrapada'}, {'Url': 'Https://Www.99Acres.Com/Utkal-Isquare-Patia-Bhubaneswar-Npxid-R424292', 'Beds': 2, 'City': 'Bhubaneswar', 'Date': '2025-02-19', 'Size': '704.71 - 1009.23 Sqft', 'Type': '2, 3 Bhk Apartment', 'Baths': 0, 'Price': 7200000, 'Neighborhood': 'Patia'}, {'Url': 'Https://Www.99Acres.Com/5-Bhk-Bedroom-Independent-House-Villa-For-Sale-In-S-Saamarth-Twinland-Koba-Gandhinagar-8478-Sq-Ft-To-10573-Sq-Ft-Npspid-G79358405', 'Beds': 5, 'City': 'Gandhinagar', 'Date': '2025-02-19', 'Size': '8478-10573 Sqft', 'Type': '5 Bhk House', 'Baths': 0, 'Price': 0, 'Neighborhood': 'Koba, Raysan'}, {'Url': 'Https://Www.99Acres.Com/2-Bhk-Bedroom-Apartment-Flat-For-Sale-In-Sargasan-Gandhinagar-1530-Sq-Ft-Spid-Z79621649', 'Beds': 2, 'City': 'Gandhinagar', 'Date': '2025-02-19', 'Size': '1530 Sqft', 'Type': '2 Bhk Flat', 'Baths': 2, 'Price': 6500000, 'Neighborhood': 'Sargasan'}, {'Url': 'Https://Www.99Acres.Com/Polaris-Calice-Randesan-Gandhinagar-Npxid-R411905', 'Beds': 3, 'City': 'Gandhinagar', 'Date': '2025-02-19', 'Size': '2511-2655 Sqft', 'Type': '3 Bhk Apartment', 'Baths': 0, 'Price': 11200000, 'Neighborhood': 'Randesan'}, {'Url': 'Https://Www.99Acres.Com/Sobha-Elysia-Gift-City-Gandhinagar-Npxid-R426127', 'Beds': 3, 'City': 'Gandhinagar', 'Date': '2025-02-19', 'Size': '1225.7-2611 Sqft', 'Type': '3, 4 Bhk Apartment', 'Baths': 0, 'Price': 25400000, 'Neighborhood': 'Gift City'}, {'Url': 'Https://Www.99Acres.Com/Altezza-By-The-Palm-Sargasan-Gandhinagar-Npxid-R394631', 'Beds': 3, 'City': 'Gandhinagar', 'Date': '2025-02-19', 'Size': '2916 Sqft', 'Type': '3 Bhk Apartment', 'Baths': 0, 'Price': 11900000, 'Neighborhood': 'Sargasan'}, {'Url': 'Https://Www.99Acres.Com/The-One-Randesan-Gandhinagar-Npxid-R425978', 'Beds': 4, 'City': 'Gandhinagar', 'Date': '2025-02-19', 'Size': '4158-5598 Sqft', 'Type': '4, 5 Bhk Apartment', 'Baths': 0, 'Price': 20000000, 'Neighborhood': 'Randesan'}, {'Url': 'Https://Www.99Acres.Com/Polaris-Casarica-Sargasan-Gandhinagar-Npxid-R393562', 'Beds': 3, 'City': 'Gandhinagar', 'Date': '2025-02-19', 'Size': '2475 Sqft', 'Type': '3 Bhk Apartment', 'Baths': 0, 'Price': 10700000, 'Neighborhood': 'Sargasan'}, {'Url': 'Https://Www.99Acres.Com/Srushti-Kudasan-Gandhinagar-Npxid-R383515', 'Beds': 2, 'City': 'Gandhinagar', 'Date': '2025-02-19', 'Size': '1503-3915 Sqft', 'Type': '2, 3, 4 Bhk Apartment', 'Baths': 0, 'Price': 7014000, 'Neighborhood': 'Kudasan'}, {'Url': 'Https://Www.99Acres.Com/Ekarth-Sarvam-Koba-Gandhinagar-Npxid-R428573', 'Beds': 4, 'City': 'Gandhinagar', 'Date': '2025-02-19', 'Size': '6750-7560 Sqft', 'Type': '4, 5 Bhk Apartment', 'Baths': 0, 'Price': 0, 'Neighborhood': 'Koba'}, {'Url': 'Https://Www.99Acres.Com/Shilp-North-Sky-Gift-City-Gandhinagar-Npxid-R406643', 'Beds': 2, 'City': 'Gandhinagar', 'Date': '2025-02-19', 'Size': '1325-4717 Sqft', 'Type': '2, 3, 4 Bhk Apartment', 'Baths': 0, 'Price': 12200000, 'Neighborhood': 'Gift City'}, {'Url': 'Https://Www.99Acres.Com/Residential-Land-Plot-For-Sale-In-Kanyakumari-121-Sq-Yard-Spid-C79440309', 'Beds': 0, 'City': 'Kanyakumari', 'Date': '2025-02-17', 'Size': '1090 Sqft', 'Type': 'Plot/Land', 'Baths': 0, 'Price': 4000000, 'Neighborhood': 'Near Shri Shirdi Sai Baba Temple, Pothayadi Junction.'}, {'Url': 'Https://Www.99Acres.Com/Residential-Land-Plot-For-Sale-In-Azad-Nagar-Madhavalayam-Kanyakumari-339-Sq-Yard-Spid-R79917611', 'Beds': 0, 'City': 'Kanyakumari', 'Date': '2025-02-05', 'Size': '3049 Sqft', 'Type': 'Plot/Land', 'Baths': 0, 'Price': 6300000, 'Neighborhood': 'Madhavalayam, Azad Nagar'}, {'Url': 'Https://Www.99Acres.Com/Residential-Land-Plot-For-Sale-In-Thiruppathisaram-Kanyakumari-48-Sq-Yard-Spid-C79621191', 'Beds': 0, 'City': 'Kanyakumari', 'Date': '2025-02-02', 'Size': '435 Sqft', 'Type': 'Plot/Land', 'Baths': 0, 'Price': 1100000, 'Neighborhood': 'Thiruppathisaram'}, {'Url': 'Https://Www.99Acres.Com/Residential-Land-Plot-For-Sale-In-Putheri-Kanyakumari-242-Sq-Yard-Spid-N79629105', 'Beds': 0, 'City': 'Kanyakumari', 'Date': '2025-02-02', 'Size': '2178 Sqft', 'Type': 'Plot/Land', 'Baths': 0, 'Price': 4000000, 'Neighborhood': 'Putheri'}, {'Url': 'Https://Www.99Acres.Com/Residential-Land-Plot-For-Sale-In-Thuckalay-Kanyakumari-439-Sq-Yard-Spid-K80381775', 'Beds': 0, 'City': 'Kanyakumari', 'Date': '2025-02-18', 'Size': '3950 Sqft', 'Type': 'Plot/Land', 'Baths': 0, 'Price': 13500000, 'Neighborhood': 'Thuckalay'}, {'Url': 'Https://Www.99Acres.Com/Residential-Land-Plot-For-Sale-In-Kulasekharam-Kanyakumari-290-Sq-Yard-Spid-G80376215', 'Beds': 0, 'City': 'Kanyakumari', 'Date': '2025-02-18', 'Size': '2613 Sqft', 'Type': 'Plot/Land', 'Baths': 0, 'Price': 3600000, 'Neighborhood': 'Kulasekharam'}, {'Url': 'Https://Www.99Acres.Com/Residential-Land-Plot-For-Sale-In-Marthandam-Kanyakumari-1111-Sq-Yard-Spid-X80321373', 'Beds': 0, 'City': 'Kanyakumari', 'Date': '2025-02-16', 'Size': '10000 Sqft', 'Type': 'Plot/Land', 'Baths': 0, 'Price': 53000000, 'Neighborhood': 'Marthandam'}, {'Url': 'Https://Www.99Acres.Com/Residential-Land-Plot-For-Sale-In-Mandaikadu-Kanyakumari-629-Sq-Yard-Spid-N80300531', 'Beds': 0, 'City': 'Kanyakumari', 'Date': '2025-02-15', 'Size': '5662 Sqft', 'Type': 'Plot/Land', 'Baths': 0, 'Price': 5460000, 'Neighborhood': 'Mandaikadu'}, {'Url': 'Https://Www.99Acres.Com/Residential-Land-Plot-For-Sale-In-Thuckalay-Kanyakumari-242-Sq-Yard-Spid-V80241639', 'Beds': 0, 'City': 'Kanyakumari', 'Date': '2025-02-15', 'Size': '2178 Sqft', 'Type': 'Plot/Land', 'Baths': 0, 'Price': 3000000, 'Neighborhood': 'Thuckalay'}, {'Url': 'Https://Www.99Acres.Com/3-Bhk-Bedroom-Independent-House-Villa-For-Sale-In-Marthandam-Kanyakumari-3800-Sq-Ft-Spid-G80215947', 'Beds': 3, 'City': 'Kanyakumari', 'Date': '2025-02-12', 'Size': '3800 Sqft', 'Type': 'House', 'Baths': 2, 'Price': 10000000, 'Neighborhood': 'Marthandam'}, {'Url': 'Https://Www.99Acres.Com/Residential-Land-Plot-For-Sale-In-Sulur-Coimbatore-319-Sq-Yard-R2-Spid-H77649167', 'Beds': 0, 'City': 'Coimbatore', 'Date': '2025-02-19', 'Size': '2874 Sqft', 'Type': 'Residential Land / Plot', 'Baths': 0, 'Price': 1998000, 'Neighborhood': 'Sulur'}, {'Url': 'Https://Www.99Acres.Com/Residential-Land-Plot-For-Sale-In-Ettimadai-Coimbatore-147-Sq-Yard-Spid-D79347859', 'Beds': 0, 'City': 'Coimbatore', 'Date': '2025-02-19', 'Size': '1321 Sqft', 'Type': 'Residential Land / Plot', 'Baths': 0, 'Price': 7678000, 'Neighborhood': 'Ettimadai'}, {'Url': 'Https://Www.99Acres.Com/Green-Field-Crystal-Gateway-Sulur-Coimbatore-Npxid-R439016', 'Beds': 2, 'City': 'Coimbatore', 'Date': '2025-02-19', 'Size': 'Varies', 'Type': '2, 3, 4 Bhk Villa, Land', 'Baths': 0, 'Price': 1240000, 'Neighborhood': 'Sulur'}, {'Url': 'Https://Www.99Acres.Com/Royal-Kalpataru-Ganapathy-Coimbatore-Npxid-R275677', 'Beds': 4, 'City': 'Coimbatore', 'Date': '2025-02-19', 'Size': 'Varies', 'Type': '4, 5 Bhk Villa', 'Baths': 0, 'Price': 25100000, 'Neighborhood': 'Ganapathy'}, {'Url': 'Https://Www.99Acres.Com/Harish-Bhairav-Vellakinar-Coimbatore-Npxid-R398187', 'Beds': 2, 'City': 'Coimbatore', 'Date': '2025-02-19', 'Size': 'Varies', 'Type': '2, 3 Bhk Villa', 'Baths': 0, 'Price': 1500000, 'Neighborhood': 'Vellakinar'}, {'Url': 'Https://Www.99Acres.Com/Rks-Shivom-Sulur-Coimbatore-Npxid-R409009', 'Beds': 2, 'City': 'Coimbatore', 'Date': '2025-02-19', 'Size': 'Varies', 'Type': '2, 3 Bhk Villa, Land', 'Baths': 0, 'Price': 948000, 'Neighborhood': 'Sulur'}, {'Url': 'Https://Www.99Acres.Com/Trisquare-Amber-Gn-Mills-Coimbatore-Npxid-R430125', 'Beds': 3, 'City': 'Coimbatore', 'Date': '2025-02-19', 'Size': 'Varies', 'Type': '3, 4, 5 Bhk Villa', 'Baths': 0, 'Price': 23000000, 'Neighborhood': 'Gn Mills'}, {'Url': 'Https://Www.99Acres.Com/Vsks-Aira-Singanallur-Coimbatore-Npxid-R397871', 'Beds': 2, 'City': 'Coimbatore', 'Date': '2025-02-19', 'Size': 'Varies', 'Type': '2, 3, 4 Bhk Apartment', 'Baths': 0, 'Price': 880000, 'Neighborhood': 'Singanallur'}, {'Url': 'Https://Www.99Acres.Com/Golden-Town-Karamadai-Coimbatore-Npxid-R439297', 'Beds': 0, 'City': 'Coimbatore', 'Date': '2025-02-19', 'Size': 'Varies', 'Type': 'Land', 'Baths': 0, 'Price': 1859000, 'Neighborhood': 'Karamadai'}, {'Url': 'Https://Www.99Acres.Com/Skm-Indraprastha-Residency-Thudiyalur-Coimbatore-Npxid-R421314', 'Beds': 3, 'City': 'Coimbatore', 'Date': '2025-02-19', 'Size': 'Varies', 'Type': '3, 4 Bhk Villa', 'Baths': 0, 'Price': 8232000, 'Neighborhood': 'Thudiyalur'}, {'Url': 'Https://Www.99Acres.Com/Residential-Land-Plot-For-Sale-In-Penamaluru-Vijayawada-167-Sq-Yard-R13-Spid-J63431142', 'Beds': 0, 'City': 'Vijayawada', 'Date': '2025-02-19', 'Size': '1503 Sqft', 'Type': 'Residential Land / Plot', 'Baths': 0, 'Price': 2004000, 'Neighborhood': 'Penamaluru'}, {'Url': 'Https://Www.99Acres.Com/Residential-Land-Plot-For-Sale-In-Penamaluru-Vijayawada-183-Sq-Yard-R13-Spid-B63431288', 'Beds': 0, 'City': 'Vijayawada', 'Date': '2025-02-19', 'Size': '1647 Sqft', 'Type': 'Residential Land / Plot', 'Baths': 0, 'Price': 2196000, 'Neighborhood': 'Penamaluru'}, {'Url': 'Https://Www.99Acres.Com/Alekhya-Grand-Sri-Ramachandra-Nagar-Vijayawada-Npxid-R425422', 'Beds': 4, 'City': 'Vijayawada', 'Date': '2025-02-19', 'Size': '3258 - 4122 Sqft', 'Type': '4 Bhk Apartment', 'Baths': 0, 'Price': 26700000, 'Neighborhood': 'Sri Ramachandra Nagar'}, {'Url': 'Https://Www.99Acres.Com/Aiswarya-Gateway-Pamarru-Vijayawada-Npxid-R439430', 'Beds': 0, 'City': 'Vijayawada', 'Date': '2025-02-19', 'Size': '1215.46 - 2702.6 Sqft', 'Type': 'Land', 'Baths': 0, 'Price': 1350000, 'Neighborhood': 'Pamarru'}, {'Url': 'Https://Www.99Acres.Com/Fugen-Royal-Infinia-Ramavarappadu-Vijayawada-Npxid-R436943', 'Beds': 0, 'City': 'Vijayawada', 'Date': '2025-02-19', 'Size': '2124 - 7119 Sqft', 'Type': 'Land', 'Baths': 0, 'Price': 7552000, 'Neighborhood': 'Ramavarappadu'}, {'Url': 'Https://Www.99Acres.Com/Sree-Hemadurga-Jewel-County-Gannavaram-Vijayawada-Npxid-R295973', 'Beds': 2, 'City': 'Vijayawada', 'Date': '2025-02-19', 'Size': '801.62 - 1108.17 Sqft', 'Type': '2, 3 Bhk Apartment', 'Baths': 2, 'Price': 5065000, 'Neighborhood': 'Gannavaram'}, {'Url': 'Https://Www.99Acres.Com/Himaja-Elite-Brundavan-Gannavaram-Vijayawada-Npxid-R428385', 'Beds': 2, 'City': 'Vijayawada', 'Date': '2025-02-19', 'Size': 'N/A', 'Type': '2 Bhk Villa, Land', 'Baths': 0, 'Price': 0, 'Neighborhood': 'Gannavaram'}, {'Url': 'Https://Www.99Acres.Com/Vasishta-Olympia-Poranki-Vijayawada-Npxid-R423035', 'Beds': 3, 'City': 'Vijayawada', 'Date': '2025-02-19', 'Size': '2800 - 4000 Sqft', 'Type': '3, 4 Bhk Apartment', 'Baths': 0, 'Price': 0, 'Neighborhood': 'Poranki'}, {'Url': 'Https://Www.99Acres.Com/Badris-Jishnu-Nivas-Tadigadapa-Vijayawada-Npxid-R423265', 'Beds': 2, 'City': 'Vijayawada', 'Date': '2025-02-19', 'Size': '1275 - 3141 Sqft', 'Type': '2, 3 Bhk Apartment', 'Baths': 0, 'Price': 0, 'Neighborhood': 'Tadigadapa'}, {'Url': 'Https://Www.99Acres.Com/Residential-Land-Plot-For-Sale-In-Ambapuram-Vijayawada-533-Sq-Yard-R2-Spid-N66036718', 'Beds': 0, 'City': 'Vijayawada', 'Date': '2025-02-19', 'Size': '4797 Sqft', 'Type': 'Residential Land / Plot', 'Baths': 0, 'Price': 20000000, 'Neighborhood': 'Ambapuram'}, {'Url': 'Https://Www.99Acres.Com/Residential-Land-Plot-For-Sale-In-Birpara-Jalpaiguri-80-Sq-Yard-R1-Spid-Y78452569', 'Beds': 0, 'City': 'Jalpaiguri', 'Date': '2025-02-19T04:38:38.010Z', 'Size': '720 Sqft', 'Type': 'Residential Land / Plot', 'Baths': 0, 'Price': 500000, 'Neighborhood': 'Mansarovar Township (Siliguri Wb)'}, {'Url': 'Https://Www.99Acres.Com/Residential-Land-Plot-For-Sale-In-Uttar-Kamakhyaguri-Jalpaiguri-8342-Sq-Yard-Spid-R80314621', 'Beds': 0, 'City': 'Jalpaiguri', 'Date': '2025-02-19T04:38:38.010Z', 'Size': '75075 Sqft', 'Type': 'Residential Land / Plot', 'Baths': 0, 'Price': 10400000, 'Neighborhood': 'Uttar Kamakhyaguri'}, {'Url': 'Https://Www.99Acres.Com/10-Bhk-Bedroom-Independent-House-Villa-For-Sale-In-Jalpaiguri-2024-Sq-Ft-Spid-X80148443', 'Beds': 10, 'City': 'Jalpaiguri', 'Date': '2025-02-19T04:38:38.010Z', 'Size': '2024 Sqft', 'Type': '10 Bedroom House', 'Baths': 3, 'Price': 6500000, 'Neighborhood': 'Kirat Bhumi'}, {'Url': 'Https://Www.99Acres.Com/Residential-Land-Plot-For-Sale-In-Jalpaiguri-375-Sq-Yard-R22-Spid-M25289542', 'Beds': 0, 'City': 'Jalpaiguri', 'Date': '2025-02-19T04:38:38.010Z', 'Size': '3375 Sqft', 'Type': 'Residential Land / Plot', 'Baths': 0, 'Price': 11000000, 'Neighborhood': 'Hakimpara'}, {'Url': 'Https://Www.99Acres.Com/2-Bhk-Bedroom-Independent-House-Villa-For-Sale-In-Maynaguri-Jalpaiguri-3200-Sq-Ft-Spid-J79575407', 'Beds': 2, 'City': 'Jalpaiguri', 'Date': '2025-02-19T04:38:38.010Z', 'Size': '3200 Sqft', 'Type': '2 Bedroom House', 'Baths': 1, 'Price': 3000000, 'Neighborhood': 'Maynaguri'}, {'Url': 'Https://Www.99Acres.Com/Residential-Land-Plot-For-Sale-In-Jalpaiguri-480-Sq-Yard-Spid-B79283981', 'Beds': 0, 'City': 'Jalpaiguri', 'Date': '2025-02-19T04:38:38.010Z', 'Size': '4319 Sqft', 'Type': 'Residential Land / Plot', 'Baths': 0, 'Price': 2400000, 'Neighborhood': 'Ambari Falakata'}, {'Url': 'Https://Www.99Acres.Com/5-Bhk-Bedroom-Independent-House-Villa-For-Sale-In-Goshala-Jalpaiguri-2102-Sq-Ft-Spid-H79094883', 'Beds': 5, 'City': 'Jalpaiguri', 'Date': '2025-02-19T04:38:38.010Z', 'Size': '2102 Sqft', 'Type': '5 Bedroom House', 'Baths': 2, 'Price': 6700000, 'Neighborhood': 'Goshala'}, {'Url': 'Https://Www.99Acres.Com/2-Bhk-Bedroom-Apartment-Flat-For-Sale-In-Rajbari-Para-Jalpaiguri-890-Sq-Ft-Spid-K79003267', 'Beds': 2, 'City': 'Jalpaiguri', 'Date': '2025-02-19T04:38:38.010Z', 'Size': '890 Sqft', 'Type': '2 Bhk Flat', 'Baths': 2, 'Price': 3500000, 'Neighborhood': 'Rajbari Para'}, {'Url': 'Https://Www.99Acres.Com/Residential-Land-Plot-For-Sale-In-Chalsa-Jalpaiguri-800-Sq-Yard-Spid-A78943427', 'Beds': 0, 'City': 'Jalpaiguri', 'Date': '2025-02-19T04:38:38.010Z', 'Size': '7199 Sqft', 'Type': 'Residential Land / Plot', 'Baths': 0, 'Price': 5000000, 'Neighborhood': 'Chalsa'}, {'Url': 'Https://Www.99Acres.Com/Residential-Land-Plot-For-Sale-In-Gairkata-Jalpaiguri-1360-Sq-Yard-Spid-V78830671', 'Beds': 0, 'City': 'Jalpaiguri', 'Date': '2025-02-19T04:38:38.010Z', 'Size': '12239 Sqft', 'Type': 'Residential Land / Plot', 'Baths': 0, 'Price': 6000000, 'Neighborhood': 'Gairkata'}, {'Url': 'Https://Www.99Acres.Com/Residential-Land-Plot-For-Sale-In-Nawabpet-Medak-150-Sq-Yard-Spid-I79945783', 'Beds': 0, 'City': 'Hyderabad', 'Date': '2025-02-19', 'Size': '1350 Sqft', 'Type': 'Residential Land / Plot', 'Baths': 0, 'Price': 2400000, 'Neighborhood': 'Nawabpet'}, {'Url': 'Https://Www.99Acres.Com/3-Bhk-Bedroom-Apartment-Flat-For-Sale-In-Mokila-Hyderabad-2713-Sq-Ft-R1-Spid-D78555737', 'Beds': 3, 'City': 'Hyderabad', 'Date': '2025-02-19', 'Size': '2713 Sqft', 'Type': '3 Bhk Flat', 'Baths': 4, 'Price': 13600000, 'Neighborhood': 'Mokila'}, {'Url': 'Https://Www.99Acres.Com/Bricks-Marvella-Tellapur-Hyderabad-Npxid-R416504', 'Beds': 2, 'City': 'Hyderabad', 'Date': '2025-02-19', 'Size': 'Varies', 'Type': '2, 3, 4 Bhk Apartment', 'Baths': 2, 'Price': 10000000, 'Neighborhood': 'Tellapur'}, {'Url': 'Https://Www.99Acres.Com/Pranathis-Kiara-Tellapur-Hyderabad-Npxid-R405130', 'Beds': 2, 'City': 'Hyderabad', 'Date': '2025-02-19', 'Size': 'Varies', 'Type': '2, 3 Bhk Apartment', 'Baths': 2, 'Price': 9305000, 'Neighborhood': 'Tellapur'}, {'Url': 'Https://Www.99Acres.Com/Ananda-The-Legacey-Manikonda-Hyderabad-Npxid-R434519', 'Beds': 2, 'City': 'Hyderabad', 'Date': '2025-02-19', 'Size': 'Varies', 'Type': '2, 3 Bhk Apartment', 'Baths': 2, 'Price': 9582000, 'Neighborhood': 'Manikonda'}, {'Url': 'Https://Www.99Acres.Com/Moonglade-Apartments-Kokapet-Hyderabad-Npxid-R438704', 'Beds': 3, 'City': 'Hyderabad', 'Date': '2025-02-19', 'Size': 'Varies', 'Type': '3, 4 Bhk Apartment', 'Baths': 3, 'Price': 12600000, 'Neighborhood': 'Kokapet'}, {'Url': 'Https://Www.99Acres.Com/Vajra-The-Royal-Park-Bowrampet-Hyderabad-Npxid-R389235', 'Beds': 2, 'City': 'Hyderabad', 'Date': '2025-02-19', 'Size': 'Varies', 'Type': '2, 3 Bhk Apartment', 'Baths': 2, 'Price': 6756000, 'Neighborhood': 'Bowrampet'}, {'Url': 'Https://Www.99Acres.Com/Dithya-Agarta-Kompally-Hyderabad-Npxid-R435622', 'Beds': 3, 'City': 'Hyderabad', 'Date': '2025-02-19', 'Size': 'Varies', 'Type': '3, 4 Bhk Apartment', 'Baths': 3, 'Price': 0, 'Neighborhood': 'Kompally'}, {'Url': 'Https://Www.99Acres.Com/Incor-Lake-City-Patancheru-Hyderabad-Npxid-R373118', 'Beds': 1, 'City': 'Hyderabad', 'Date': '2025-02-19', 'Size': 'Varies', 'Type': '1, 2, 3 Bhk Apartment', 'Baths': 1, 'Price': 8212000, 'Neighborhood': 'Patancheru'}, {'Url': 'Https://Www.99Acres.Com/Nsl-Nakshatra-Kphb-Hyderabad-Npxid-R428751', 'Beds': 3, 'City': 'Hyderabad', 'Date': '2025-02-19', 'Size': 'Varies', 'Type': '3, 4 Bhk Apartment', 'Baths': 3, 'Price': 19200000, 'Neighborhood': 'Kphb'}, {'Url': 'Https://Www.99Acres.Com/2-Bhk-Bedroom-Apartment-Flat-For-Sale-In-Gandhi-Nagar-Kakinada-1450-Sq-Ft-R2-Spid-K71725910', 'Beds': 2, 'City': 'Kakinada', 'Date': '2025-02-18', 'Size': '1450 Sqft', 'Type': 'Flat', 'Baths': 2, 'Price': 7800000, 'Neighborhood': 'Gandhi Nagar'}, {'Url': 'Https://Www.99Acres.Com/Residential-Land-Plot-For-Sale-In-Turangi-Kakinada-452-Sq-Yard-Spid-U79636559', 'Beds': 0, 'City': 'Kakinada', 'Date': '2025-02-05', 'Size': '4068 Sqft', 'Type': 'Land', 'Baths': 0, 'Price': 11600000, 'Neighborhood': 'Turangi'}, {'Url': 'Https://Www.99Acres.Com/3-Bhk-Bedroom-Apartment-Flat-For-Sale-In-Santhi-Nagar-Kakinada-1860-Sq-Ft-Spid-Z78886921', 'Beds': 3, 'City': 'Kakinada', 'Date': '2025-01-19', 'Size': '1860 Sqft', 'Type': 'Flat', 'Baths': 3, 'Price': 9300000, 'Neighborhood': 'Santhi Nagar'}, {'Url': 'Https://Www.99Acres.Com/3-Bhk-Bedroom-Apartment-Flat-For-Sale-In-Vidyut-Nagar-Kakinada-1472-Sq-Ft-Spid-K77492637', 'Beds': 3, 'City': 'Kakinada', 'Date': '2025-01-19', 'Size': '1472 Sqft', 'Type': 'Flat', 'Baths': 2, 'Price': 7000000, 'Neighborhood': 'Vidyut Nagar'}, {'Url': 'Https://Www.99Acres.Com/3-Bhk-Bedroom-Apartment-Flat-For-Sale-In-Vidyut-Nagar-Kakinada-1550-Sq-Ft-Spid-O78636973', 'Beds': 3, 'City': 'Kakinada', 'Date': '2025-01-19', 'Size': '1550 Sqft', 'Type': 'Flat', 'Baths': 3, 'Price': 8500000, 'Neighborhood': 'Vidyut Nagar'}, {'Url': 'Https://Www.99Acres.Com/2-Bhk-Bedroom-Apartment-Flat-For-Sale-In-Kakinada-1100-Sq-Ft-Spid-N79724963', 'Beds': 2, 'City': 'Kakinada', 'Date': '2025-02-18', 'Size': '1100 Sqft', 'Type': 'Flat', 'Baths': 2, 'Price': 5000000, 'Neighborhood': 'Santinagar'}, {'Url': 'Https://Www.99Acres.Com/3-Bhk-Bedroom-Apartment-Flat-For-Sale-In-Rama-Rao-Peta-Kakinada-1265-Sq-Ft-Spid-L79080669', 'Beds': 3, 'City': 'Kakinada', 'Date': '2025-01-19', 'Size': '1265 Sqft', 'Type': 'Flat', 'Baths': 2, 'Price': 6578000, 'Neighborhood': 'Rama Rao Peta'}, {'Url': 'Https://Www.99Acres.Com/4-Bhk-Bedroom-Apartment-Flat-For-Sale-In-Ramanayapeta-Kakinada-2628-Sq-Ft-Spid-L79139157', 'Beds': 4, 'City': 'Kakinada', 'Date': '2025-01-19', 'Size': '2628 Sqft', 'Type': 'Flat', 'Baths': 4, 'Price': 18000000, 'Neighborhood': 'Ramanayapeta'}, {'Url': 'Https://Www.99Acres.Com/Residential-Land-Plot-For-Sale-In-Nadakuduru-Kakinada-15-Sq-Yard-Spid-L80364535', 'Beds': 0, 'City': 'Kakinada', 'Date': '2025-02-19', 'Size': '133 Sqft', 'Type': 'Land', 'Baths': 0, 'Price': 1064000, 'Neighborhood': 'Nadakuduru'}, {'Url': 'Https://Www.99Acres.Com/2-Bhk-Bedroom-Independent-House-Villa-For-Sale-In-Suresh-Nagar-Kakinada-1080-Sq-Ft-Spid-R80352773', 'Beds': 2, 'City': 'Kakinada', 'Date': '2025-02-19', 'Size': '1080 Sqft', 'Type': 'House', 'Baths': 2, 'Price': 5000000, 'Neighborhood': 'Suresh Nagar'}, {'Url': 'Https://Www.99Acres.Com/Residential-Land-Plot-For-Sale-In-Budheshwar-Lucknow-111-Sq-Yard-R1-Spid-R78689421', 'Beds': 0, 'City': 'Lucknow', 'Date': '2025-02-19', 'Size': '1000 Sqft', 'Type': 'Residential Land / Plot', 'Baths': 0, 'Price': 1099000, 'Neighborhood': 'Budheshwar'}, {'Url': 'Https://Www.99Acres.Com/3-Bhk-Bedroom-Apartment-Flat-For-Sale-In-Sultanpur-Road-Lucknow-1489-Sq-Ft-R1-Spid-J78635815', 'Beds': 3, 'City': 'Lucknow', 'Date': '2025-02-19', 'Size': '1489 Sqft', 'Type': '3 Bhk Flat', 'Baths': 3, 'Price': 6105000, 'Neighborhood': 'Sultanpur Road'}, {'Url': 'Https://Www.99Acres.Com/Rishita-Mulberry-Heights-Sushant-Golf-City-Lucknow-Npxid-R325311', 'Beds': 2, 'City': 'Lucknow', 'Date': '2025-02-19', 'Size': 'Various', 'Type': '2, 3 Bhk Apartment', 'Baths': 0, 'Price': 9059000, 'Neighborhood': 'Sushant Golf City'}, {'Url': 'Https://Www.99Acres.Com/Krishna-Tower-Kanpur-Road-Lucknow-Npxid-R152473', 'Beds': 2, 'City': 'Lucknow', 'Date': '2025-02-19', 'Size': 'Various', 'Type': '2, 3 Bhk Apartment', 'Baths': 0, 'Price': 3943000, 'Neighborhood': 'Kanpur Road'}, {'Url': 'Https://Www.99Acres.Com/Eldeco-Trinity-Gomti-Nagar-Extension-Lucknow-Npxid-R421468', 'Beds': 2, 'City': 'Lucknow', 'Date': '2025-02-19', 'Size': 'Various', 'Type': '2, 3, 4, 5 Bhk Apartment', 'Baths': 0, 'Price': 20300000, 'Neighborhood': 'Gomti Nagar Extension'}, {'Url': 'Https://Www.99Acres.Com/Shalimar-One-World-21-Gomti-Nagar-Extension-Lucknow-Npxid-R429111', 'Beds': 3, 'City': 'Lucknow', 'Date': '2025-02-19', 'Size': 'Various', 'Type': '3 Bhk Apartment', 'Baths': 0, 'Price': 23500000, 'Neighborhood': 'Gomti Nagar Extension'}, {'Url': 'Https://Www.99Acres.Com/Green-Park-City-Sultanpur-Road-Lucknow-Npxid-R401774', 'Beds': 0, 'City': 'Lucknow', 'Date': '2025-02-19', 'Size': 'Various', 'Type': 'Land', 'Baths': 0, 'Price': 750000, 'Neighborhood': 'Sultanpur Road'}, {'Url': 'Https://Www.99Acres.Com/Oro-Constella-Sushant-Golf-City-Lucknow-Npxid-R409651', 'Beds': 3, 'City': 'Lucknow', 'Date': '2025-02-19', 'Size': 'Various', 'Type': '3, 4, 5 Bhk Apartment', 'Baths': 0, 'Price': 14900000, 'Neighborhood': 'Sushant Golf City'}, {'Url': 'Https://Www.99Acres.Com/Shalimar-One-World-Pinnacle-Gomti-Nagar-Extension-Lucknow-Npxid-R423230', 'Beds': 4, 'City': 'Lucknow', 'Date': '2025-02-19', 'Size': 'Various', 'Type': '4, 5 Bhk Apartment', 'Baths': 0, 'Price': 45900000, 'Neighborhood': 'Gomti Nagar Extension'}, {'Url': 'Https://Www.99Acres.Com/Jashn-Elevate-Sushant-Golf-City-Lucknow-Npxid-R427388', 'Beds': 2, 'City': 'Lucknow', 'Date': '2025-02-19', 'Size': 'Various', 'Type': '2, 3 Bhk Apartment', 'Baths': 0, 'Price': 15800000, 'Neighborhood': 'Sushant Golf City'}, {'Url': 'Https://Www.99Acres.Com/2-Bhk-Bedroom-Apartment-Flat-For-Sale-In-Vinoth-Viraj-Maduravoyal-Chennai-West-928-Sq-Ft-To-991-Sq-Ft-Npspid-Q80337163', 'Beds': 2, 'City': 'Chennai', 'Date': '2025-02-19', 'Size': '928-991 Sqft', 'Type': '2 Bhk Flat', 'Baths': 2, 'Price': 8445000, 'Neighborhood': 'Maduravoyal'}, {'Url': 'Https://Www.99Acres.Com/3-Bhk-Bedroom-Apartment-Flat-For-Sale-In-Udhayam-Saimugil-Chitlapakkam-Chennai-South-1647-Sq-Ft-Npspid-P79116647', 'Beds': 3, 'City': 'Chennai', 'Date': '2025-02-19', 'Size': '1647 Sqft', 'Type': '3 Bhk Flat', 'Baths': 3, 'Price': 12500000, 'Neighborhood': 'Chitlapakkam'}, {'Url': 'Https://Www.99Acres.Com/Rajparis-Diamond-Mogappair-West-Chennai-North-Npxid-R409851', 'Beds': 3, 'City': 'Chennai', 'Date': '2025-02-19', 'Size': '1208-1390 Sqft', 'Type': '3 Bhk Apartment', 'Baths': 3, 'Price': 12000000, 'Neighborhood': 'Mogappair West'}, {'Url': 'Https://Www.99Acres.Com/Divyasree-Hub6-Thiruporur-Chennai-South-Npxid-R12874', 'Beds': 0, 'City': 'Chennai', 'Date': '2025-02-19', 'Size': '1200-3000 Sqft', 'Type': 'Land', 'Baths': 0, 'Price': 4080000, 'Neighborhood': 'Thiruporur'}, {'Url': 'Https://Www.99Acres.Com/Brigade-Altius-Sholinganallur-Chennai-South-Npxid-R438256', 'Beds': 3, 'City': 'Chennai', 'Date': '2025-02-19', 'Size': '1101-3265 Sqft', 'Type': '3, 4 Bhk Apartment', 'Baths': 3, 'Price': 19200000, 'Neighborhood': 'Sholinganallur'}, {'Url': 'Https://Www.99Acres.Com/Marvellous-T-Nagar-Chennai-South-Npxid-R398941', 'Beds': 3, 'City': 'Chennai', 'Date': '2025-02-19', 'Size': '1654-3091 Sqft', 'Type': '3, 4 Bhk Apartment', 'Baths': 3, 'Price': 34000000, 'Neighborhood': 'T Nagar'}, {'Url': 'Https://Www.99Acres.Com/Urban-Pearl-County-Pattabiram-Chennai-North-Npxid-R373276', 'Beds': 0, 'City': 'Chennai', 'Date': '2025-02-19', 'Size': '794-1510 Sqft', 'Type': 'Land', 'Baths': 0, 'Price': 1984000, 'Neighborhood': 'Pattabiram'}, {'Url': 'Https://Www.99Acres.Com/Kg-Kingdom-Of-Joy-Sriperumbudur-Chennai-West-Npxid-R438496', 'Beds': 0, 'City': 'Chennai', 'Date': '2025-02-19', 'Size': '630-4000 Sqft', 'Type': 'Land', 'Baths': 0, 'Price': 1260000, 'Neighborhood': 'Sriperumbudur'}, {'Url': 'Https://Www.99Acres.Com/Ashiana-Swarang-Ecr-Chennai-South-Npxid-R439006', 'Beds': 1, 'City': 'Chennai', 'Date': '2025-02-19', 'Size': '912-1462 Sqft', 'Type': '1, 2, 3 Bhk Apartment', 'Baths': 1, 'Price': 8460000, 'Neighborhood': 'Ecr'}, {'Url': 'Https://Www.99Acres.Com/Ashiana-Vatsalya-Mahindra-City-Chennai-South-Npxid-R439005', 'Beds': 1, 'City': 'Chennai', 'Date': '2025-02-19', 'Size': '891-1530 Sqft', 'Type': '1, 2, 3 Bhk Apartment', 'Baths': 1, 'Price': 7090000, 'Neighborhood': 'Mahindra City'}, {'Url': 'Https://Www.99Acres.Com/3-Bhk-Bedroom-Apartment-Flat-For-Sale-In-Santacruz-West-Western-Mumbai-1459-Sq-Ft-R1-Spid-C78553579', 'Beds': 3, 'City': 'Mumbai', 'Date': '2025-02-19', 'Size': '1459 Sqft', 'Type': 'Flat', 'Baths': 4, 'Price': 73000000, 'Neighborhood': 'Santacruz West'}, {'Url': 'Https://Www.99Acres.Com/2-Bhk-Bedroom-Apartment-Flat-For-Sale-In-Lodha-Casa-Rio-Dombivli-East-Dombivli-East-Mumbai-Beyond-Thane-686-Sq-Ft-R1-Spid-A77236477', 'Beds': 2, 'City': 'Thane', 'Date': '2025-02-19', 'Size': '686 Sqft', 'Type': 'Flat', 'Baths': 2, 'Price': 5000000, 'Neighborhood': 'Dombivli East'}, {'Url': 'Https://Www.99Acres.Com/Godrej-Horizon-Wadala-South-Mumbai-Npxid-R389975', 'Beds': 2, 'City': 'Mumbai', 'Date': '2025-02-19', 'Size': '627 - 1476.92 Sqft', 'Type': 'Apartment', 'Baths': 2, 'Price': 29900000, 'Neighborhood': 'Wadala'}, {'Url': 'Https://Www.99Acres.Com/L-And-T-Island-Cove-Mahim-West-South-Mumbai-Npxid-R394731', 'Beds': 2, 'City': 'Mumbai', 'Date': '2025-02-19', 'Size': '694.81 - 1219.77 Sqft', 'Type': 'Apartment', 'Baths': 2, 'Price': 29100000, 'Neighborhood': 'Mahim West'}, {'Url': 'Https://Www.99Acres.Com/Lodha-Divino-Matunga-South-Mumbai-Npxid-R404243', 'Beds': 2, 'City': 'Mumbai', 'Date': '2025-02-19', 'Size': '713.97 - 1727 Sqft', 'Type': 'Apartment', 'Baths': 2, 'Price': 29800000, 'Neighborhood': 'Matunga'}, {'Url': 'Https://Www.99Acres.Com/Lodha-The-Park-Worli-South-Mumbai-Npxid-R13344', 'Beds': 2, 'City': 'Mumbai', 'Date': '2025-02-19', 'Size': '839 - 2254 Sqft', 'Type': 'Apartment', 'Baths': 2, 'Price': 48000000, 'Neighborhood': 'Worli'}, {'Url': 'Https://Www.99Acres.Com/L-And-T-The-Gateway-Sewri-South-Mumbai-Npxid-R423314', 'Beds': 3, 'City': 'Mumbai', 'Date': '2025-02-19', 'Size': '1133.34 - 2251 Sqft', 'Type': 'Apartment', 'Baths': 2, 'Price': 44700000, 'Neighborhood': 'Sewri'}, {'Url': 'Https://Www.99Acres.Com/Lodha-New-Cuffe-Parade-Wadala-South-Mumbai-Npxid-R1354', 'Beds': 1, 'City': 'Mumbai', 'Date': '2025-02-19', 'Size': '350.69 - 2747 Sqft', 'Type': 'Apartment', 'Baths': 1, 'Price': 14400000, 'Neighborhood': 'Wadala'}, {'Url': 'Https://Www.99Acres.Com/Rustomjee-Crown-Prabhadevi-South-Mumbai-Npxid-R725', 'Beds': 3, 'City': 'Mumbai', 'Date': '2025-02-19', 'Size': '1334.74 - 3088 Sqft', 'Type': 'Apartment', 'Baths': 2, 'Price': 95400000, 'Neighborhood': 'Prabhadevi'}, {'Url': 'Https://Www.99Acres.Com/Piramal-Mahalaxmi-Mahalaxmi-South-Mumbai-Npxid-R303861', 'Beds': 2, 'City': 'Mumbai', 'Date': '2025-02-19', 'Size': '713.8 - 1850 Sqft', 'Type': 'Apartment', 'Baths': 2, 'Price': 45700000, 'Neighborhood': 'Mahalaxmi'}, {'Url': 'Https://Www.99Acres.Com/3-Bhk-Bedroom-Independent-Builder-Floor-For-Sale-In-Paschim-Vihar-West-Delhi-1350-Sq-Ft-R4-Spid-F74144417', 'Beds': 3, 'City': 'Delhi', 'Date': '2025-02-19', 'Size': '1350 Sqft', 'Type': 'Independent Builder Floor', 'Baths': 3, 'Price': 25500000, 'Neighborhood': 'Paschim Vihar'}, {'Url': 'Https://Www.99Acres.Com/3-Bhk-Bedroom-Independent-Builder-Floor-For-Sale-In-Surajmal-Vihar-East-Delhi-1800-Sq-Ft-Spid-W78462503', 'Beds': 3, 'City': 'Delhi', 'Date': '2025-02-19', 'Size': '1800 Sqft', 'Type': 'Independent Builder Floor', 'Baths': 2, 'Price': 26500000, 'Neighborhood': 'Surajmal Vihar'}, {'Url': 'Https://Www.99Acres.Com/Sky-High-Luxury-Homes-Sector-8-Dwarka-Delhi-Npxid-R348181', 'Beds': 2, 'City': 'Delhi', 'Date': '2025-02-19', 'Size': 'Not Specified', 'Type': 'Independent Floor', 'Baths': 2, 'Price': 8500000, 'Neighborhood': 'Sector 8 Dwarka'}, {'Url': 'Https://Www.99Acres.Com/Bhardwaj-Builder-Floors-Model-Town-North-Delhi-Npxid-R376612', 'Beds': 3, 'City': 'Delhi', 'Date': '2025-02-19', 'Size': 'Not Specified', 'Type': 'Independent Floor', 'Baths': 3, 'Price': 0, 'Neighborhood': 'Model Town'}, {'Url': 'Https://Www.99Acres.Com/Dlf-Capital-Greens-1-And-2-Moti-Nagar-West-Delhi-Npxid-R473', 'Beds': 2, 'City': 'Delhi', 'Date': '2025-02-19', 'Size': 'Not Specified', 'Type': 'Apartment', 'Baths': 2, 'Price': 21000000, 'Neighborhood': 'Moti Nagar'}, {'Url': 'Https://Www.99Acres.Com/Unity-Group-The-Amaryllis-Karol-Bagh-Central-Delhi-Npxid-R217503', 'Beds': 2, 'City': 'Delhi', 'Date': '2025-02-19', 'Size': 'Not Specified', 'Type': 'Apartment', 'Baths': 2, 'Price': 22500000, 'Neighborhood': 'Karol Bagh'}, {'Url': 'Https://Www.99Acres.Com/3Baan-Farms-Chattarpur-South-Delhi-Npxid-R436830', 'Beds': 4, 'City': 'Delhi', 'Date': '2025-02-19', 'Size': 'Not Specified', 'Type': 'Villa', 'Baths': 4, 'Price': 90000000, 'Neighborhood': 'Chattarpur'}, {'Url': 'Https://Www.99Acres.Com/Pradeep-Luxury-Builders-Floor-Anand-Vihar-East-Delhi-Npxid-R435515', 'Beds': 2, 'City': 'Delhi', 'Date': '2025-02-19', 'Size': 'Not Specified', 'Type': 'Independent Floor', 'Baths': 2, 'Price': 13000000, 'Neighborhood': 'Anand Vihar'}, {'Url': 'Https://Www.99Acres.Com/Chandok-Apartments-And-Floors-Janakpuri-West-Delhi-Npxid-R437221', 'Beds': 2, 'City': 'Delhi', 'Date': '2025-02-19', 'Size': 'Not Specified', 'Type': 'Apartment', 'Baths': 2, 'Price': 11000000, 'Neighborhood': 'Janakpuri'}, {'Url': 'Https://Www.99Acres.Com/Luxury-Floors-By-Omdev-Homes-Greater-Kailash-2-South-Delhi-Npxid-R436246', 'Beds': 3, 'City': 'Delhi', 'Date': '2025-02-19', 'Size': 'Not Specified', 'Type': 'Independent Floor', 'Baths': 3, 'Price': 50000000, 'Neighborhood': 'Greater Kailash 2'}, {'Url': 'Https://Www.99Acres.Com/3-Bhk-Bedroom-Apartment-Flat-For-Sale-In-Mahimas-Palm-Springs-Tonk-Road-Jaipur-1705-Sq-Ft-To-2127-Sq-Ft-Npspid-F79764097', 'Beds': 3, 'City': 'Jaipur', 'Date': '2025-02-19', 'Size': '1705-2127 Sqft', 'Type': '3 Bhk Flat', 'Baths': 2, 'Price': 9378000, 'Neighborhood': 'Tonk Road'}, {'Url': 'Https://Www.99Acres.Com/3-Bhk-Bedroom-Apartment-Flat-For-Sale-In-Richwell-Empress-Mansarovar-Jaipur-1741-Sq-Ft-To-2194-Sq-Ft-Npspid-T80075881', 'Beds': 3, 'City': 'Jaipur', 'Date': '2025-02-19', 'Size': '1741-2194 Sqft', 'Type': '3 Bhk Flat', 'Baths': 2, 'Price': 12200000, 'Neighborhood': 'Mansarovar'}, {'Url': 'Https://Www.99Acres.Com/Vardhman-Empress-Mansarovar-Jaipur-Npxid-R435628', 'Beds': 3, 'City': 'Jaipur', 'Date': '2025-02-19', 'Size': '1741-5060 Sqft', 'Type': '3, 4, 5 Bhk Apartment', 'Baths': 2, 'Price': 12200000, 'Neighborhood': 'Mansarovar'}, {'Url': 'Https://Www.99Acres.Com/Viaans-Radiant-Vaishali-Nagar-Extension-Jaipur-Npxid-R438325', 'Beds': 2, 'City': 'Jaipur', 'Date': '2025-02-19', 'Size': '1069.26-1551.92 Sqft', 'Type': '2, 3 Bhk Apartment', 'Baths': 2, 'Price': 5132000, 'Neighborhood': 'Vaishali Nagar Extension'}, {'Url': 'Https://Www.99Acres.Com/The-Altitude-Jagatpura-Jaipur-Npxid-R438439', 'Beds': 3, 'City': 'Jaipur', 'Date': '2025-02-19', 'Size': '2120-2900 Sqft', 'Type': '3, 4 Bhk Apartment', 'Baths': 2, 'Price': 12300000, 'Neighborhood': 'Jagatpura'}, {'Url': 'Https://Www.99Acres.Com/Balaji-Green-Park-Vaishali-Nagar-Jaipur-Npxid-R434249', 'Beds': 2, 'City': 'Jaipur', 'Date': '2025-02-19', 'Size': '833.98-1583.45 Sqft', 'Type': '2, 3 Bhk Apartment', 'Baths': 2, 'Price': 4200000, 'Neighborhood': 'Vaishali Nagar'}, {'Url': 'Https://Www.99Acres.Com/Mahal-Niwas-Jagatpura-Jaipur-Npxid-R430517', 'Beds': 3, 'City': 'Jaipur', 'Date': '2025-02-19', 'Size': '1392.31-1566 Sqft', 'Type': '3 Bhk Apartment', 'Baths': 2, 'Price': 5846000, 'Neighborhood': 'Jagatpura'}, {'Url': 'Https://Www.99Acres.Com/Trimurty-Divinity-C-Scheme-Jaipur-Npxid-R380493', 'Beds': 3, 'City': 'Jaipur', 'Date': '2025-02-19', 'Size': '1927.91-2737.18 Sqft', 'Type': '3, 4 Bhk Apartment', 'Baths': 2, 'Price': 28900000, 'Neighborhood': 'C Scheme'}, {'Url': 'Https://Www.99Acres.Com/Askg-Pinnacle-Place-Mansarovar-Jaipur-Npxid-R438214', 'Beds': 3, 'City': 'Jaipur', 'Date': '2025-02-19', 'Size': '1344-1456 Sqft', 'Type': '3 Bhk Apartment', 'Baths': 2, 'Price': 6182000, 'Neighborhood': 'Mansarovar'}, {'Url': 'Https://Www.99Acres.Com/Shivam-Majestic-Jagatpura-Jaipur-Npxid-R407878', 'Beds': 3, 'City': 'Jaipur', 'Date': '2025-02-19', 'Size': '1445.36-1932.63 Sqft', 'Type': '3, 4 Bhk Apartment', 'Baths': 2, 'Price': 7225000, 'Neighborhood': 'Jagatpura'}, {'Url': 'Https://Www.99Acres.Com/3-Bhk-Bedroom-Apartment-Flat-For-Sale-In-Godrej-Tropical-Isle-Sector-146-Noida-1925-Sq-Ft-R3-Spid-V76331591', 'Beds': 3, 'City': 'Noida', 'Date': '2025-02-19', 'Size': '1925 Sqft', 'Type': '3 Bhk Flat', 'Baths': 3, 'Price': 29800000, 'Neighborhood': 'Sector 146'}, {'Url': 'Https://Www.99Acres.Com/Residential-Land-Plot-For-Sale-In-G-Block-Sector-44-Noida-717-Sq-Yard-R13-Spid-M61426252', 'Beds': 0, 'City': 'Noida', 'Date': '2025-02-19', 'Size': '6458 Sqft', 'Type': 'Residential Land / Plot', 'Baths': 0, 'Price': 270000000, 'Neighborhood': 'Block G Sector 44'}, {'Url': 'Https://Www.99Acres.Com/Ivory-County-Sector-115-Noida-Npxid-R400436', 'Beds': 3, 'City': 'Noida', 'Date': '2025-02-19', 'Size': 'Varies', 'Type': '3, 4, 5 Bhk Apartment', 'Baths': 0, 'Price': 29500000, 'Neighborhood': 'Sector 115'}, {'Url': 'Https://Www.99Acres.Com/Godrej-Riverine-Sector-44-Noida-Npxid-R431964', 'Beds': 3, 'City': 'Noida', 'Date': '2025-02-19', 'Size': 'Varies', 'Type': '3, 4 Bhk Apartment', 'Baths': 0, 'Price': 73000000, 'Neighborhood': 'Sector 44'}, {'Url': 'Https://Www.99Acres.Com/Ats-Picturesque-Reprieves-Sector-152-Noida-Npxid-R269397', 'Beds': 3, 'City': 'Noida', 'Date': '2025-02-19', 'Size': 'Varies', 'Type': '3, 4 Bhk Apartment', 'Baths': 0, 'Price': 25900000, 'Neighborhood': 'Sector 152'}, {'Url': 'Https://Www.99Acres.Com/Godrej-Woods-Sector-43-Noida-Npxid-R374312', 'Beds': 2, 'City': 'Noida', 'Date': '2025-02-19', 'Size': 'Varies', 'Type': '2, 3, 4, 5 Bhk Apartment', 'Baths': 0, 'Price': 18000000, 'Neighborhood': 'Sector 43'}, {'Url': 'Https://Www.99Acres.Com/Ivy-County-Sector-75-Noida-Npxid-R341813', 'Beds': 3, 'City': 'Noida', 'Date': '2025-02-19', 'Size': 'Varies', 'Type': '3, 4 Bhk Apartment', 'Baths': 0, 'Price': 26500000, 'Neighborhood': 'Sector 75'}, {'Url': 'Https://Www.99Acres.Com/Experion-Elements-Sector-45-Noida-Npxid-R414339', 'Beds': 3, 'City': 'Noida', 'Date': '2025-02-19', 'Size': 'Varies', 'Type': '3, 4 Bhk Apartment', 'Baths': 0, 'Price': 59500000, 'Neighborhood': 'Sector 45'}, {'Url': 'Https://Www.99Acres.Com/Aba-Cleo-County-Sector-121-Noida-Npxid-R2274', 'Beds': 3, 'City': 'Noida', 'Date': '2025-02-19', 'Size': 'Varies', 'Type': '3, 4 Bhk Apartment', 'Baths': 0, 'Price': 23000000, 'Neighborhood': 'Sector 121'}, {'Url': 'Https://Www.99Acres.Com/M3M-The-Cullinan-Sector-94-Noida-Npxid-R410631', 'Beds': 3, 'City': 'Noida', 'Date': '2025-02-19', 'Size': 'Varies', 'Type': '3, 4, 5 Bhk Apartment', 'Baths': 0, 'Price': 81700000, 'Neighborhood': 'Sector 94'}, {'Url': 'Https://Www.99Acres.Com/Residential-Land-Plot-For-Sale-In-Bihta-Patna-133-Sq-Yard-R4-Spid-K71904360', 'Beds': 0, 'City': 'Patna', 'Date': '2025-02-19', 'Size': '1200 Sqft', 'Type': 'Residential Land / Plot', 'Baths': 0, 'Price': 1558000, 'Neighborhood': 'Bihta'}, {'Url': 'Https://Www.99Acres.Com/Residential-Land-Plot-For-Sale-In-Sonepur-Patna-267-Sq-Yard-Spid-G79871327', 'Beds': 0, 'City': 'Patna', 'Date': '2025-02-19', 'Size': '2400 Sqft', 'Type': 'Residential Land / Plot', 'Baths': 0, 'Price': 5520000, 'Neighborhood': 'Sonepur'}, {'Url': 'Https://Www.99Acres.Com/Nandi-Gram-Aerocity-Bihta-Patna-Npxid-R438185', 'Beds': 0, 'City': 'Patna', 'Date': '2025-02-19', 'Size': '', 'Type': 'Land', 'Baths': 0, 'Price': 0, 'Neighborhood': 'Bihta'}, {'Url': 'Https://Www.99Acres.Com/Skywalk-Renu-Residency-Ranipur-Patna-Npxid-R334647', 'Beds': 2, 'City': 'Patna', 'Date': '2025-02-19', 'Size': '', 'Type': '2, 3 Bhk Apartment', 'Baths': 0, 'Price': 3344000, 'Neighborhood': 'Ranipur'}, {'Url': 'Https://Www.99Acres.Com/Kumar-Raghuvar-Complex-Danapur-Patna-Npxid-R438046', 'Beds': 2, 'City': 'Patna', 'Date': '2025-02-19', 'Size': '', 'Type': '2, 3 Bhk Apartment', 'Baths': 0, 'Price': 6294000, 'Neighborhood': 'Danapur'}, {'Url': 'Https://Www.99Acres.Com/Dwarikadhish-Residency-Gola-Road-Patna-Npxid-R326659', 'Beds': 2, 'City': 'Patna', 'Date': '2025-02-19', 'Size': '', 'Type': '2, 3 Bhk Apartment', 'Baths': 0, 'Price': 5639000, 'Neighborhood': 'Gola Road'}, {'Url': 'Https://Www.99Acres.Com/Gbn-Skywalk-Danapur-Patna-Npxid-R389201', 'Beds': 3, 'City': 'Patna', 'Date': '2025-02-19', 'Size': '', 'Type': '3 Bhk Apartment', 'Baths': 0, 'Price': 0, 'Neighborhood': 'Danapur'}, {'Url': 'Https://Www.99Acres.Com/Jgs-Pristine-Danapur-Patna-Npxid-R414340', 'Beds': 3, 'City': 'Patna', 'Date': '2025-02-19', 'Size': '', 'Type': '3, 4 Bhk Apartment', 'Baths': 0, 'Price': 0, 'Neighborhood': 'Danapur'}, {'Url': 'Https://Www.99Acres.Com/Sk-Sumitra-Enclave-Gola-Road-Patna-Npxid-R428715', 'Beds': 2, 'City': 'Patna', 'Date': '2025-02-19', 'Size': '', 'Type': '2, 3 Bhk Apartment', 'Baths': 0, 'Price': 0, 'Neighborhood': 'Gola Road'}, {'Url': 'Https://Www.99Acres.Com/Rd-A-M-Pinnacle-Parsa-Bazar-Patna-Npxid-R426578', 'Beds': 3, 'City': 'Patna', 'Date': '2025-02-19', 'Size': '', 'Type': '3 Bhk Apartment', 'Baths': 0, 'Price': 7125000, 'Neighborhood': 'Parsa Bazar'}, {'Url': 'Https://Www.99Acres.Com/Residential-Land-Plot-For-Sale-In-Jeoni-Mandi-Agra-11000-Sq-Yard-R1-Spid-R76308881', 'Beds': 0, 'City': 'Agra', 'Date': '2W Ago', 'Size': '99000 Sqft', 'Type': 'Residential Land / Plot', 'Baths': 0, 'Price': 600000000, 'Neighborhood': 'Jeoni Mandi'}, {'Url': 'Https://Www.99Acres.Com/5-Bhk-Bedroom-Independent-House-Villa-For-Sale-In-Civil-Lines-Agra-3753-Sq-Ft-R1-Spid-H64272968', 'Beds': 5, 'City': 'Agra', 'Date': '3W Ago', 'Size': '3753 Sqft', 'Type': '5 Bedroom House', 'Baths': 2, 'Price': 41700000, 'Neighborhood': 'Civil Lines'}, {'Url': 'Https://Www.99Acres.Com/3-Bhk-Bedroom-Apartment-Flat-For-Sale-In-Shanker-Greens-Taj-Nagari-Agra-1883-Sq-Ft-Spid-A78746085', 'Beds': 3, 'City': 'Agra', 'Date': '2Mo Ago', 'Size': '1883 Sqft', 'Type': '3 Bhk Flat', 'Baths': 3, 'Price': 11000000, 'Neighborhood': 'Taj Nagari'}, {'Url': 'Https://Www.99Acres.Com/2-Bhk-Bedroom-Apartment-Flat-For-Sale-In-Shastripuram-Agra-968-Sq-Ft-R1-Spid-A76332025', 'Beds': 2, 'City': 'Agra', 'Date': '2Mo Ago', 'Size': '968 Sqft', 'Type': '2 Bhk Flat', 'Baths': 2, 'Price': 5200000, 'Neighborhood': 'Shastripuram'}, {'Url': 'Https://Www.99Acres.Com/3-Bhk-Bedroom-Apartment-Flat-For-Sale-In-Eminent-Emerald-Residency-Dayal-Bagh-Agra-1705-Sq-Ft-R4-Spid-J65913662', 'Beds': 3, 'City': 'Agra', 'Date': '2Mo Ago', 'Size': '1705 Sqft', 'Type': '3 Bhk Flat', 'Baths': 3, 'Price': 8200000, 'Neighborhood': 'Dayal Bagh'}, {'Url': 'Https://Www.99Acres.Com/2-Bhk-Bedroom-Apartment-Flat-For-Sale-In-Maharishi-Puram-Colony-Agra-894-Sq-Ft-Spid-T79980809', 'Beds': 2, 'City': 'Agra', 'Date': '1Mo Ago', 'Size': '894 Sqft', 'Type': '2 Bhk Flat', 'Baths': 2, 'Price': 4000000, 'Neighborhood': 'Maharishi Puram Colony'}, {'Url': 'Https://Www.99Acres.Com/3-Bhk-Bedroom-Independent-House-Villa-For-Sale-In-Dayal-Bagh-Agra-2367-Sq-Ft-Spid-D79087041', 'Beds': 3, 'City': 'Agra', 'Date': '2Mo Ago', 'Size': '2367 Sqft', 'Type': '3 Bedroom House', 'Baths': 3, 'Price': 31500000, 'Neighborhood': 'Dayal Bagh'}, {'Url': 'Https://Www.99Acres.Com/Residential-Land-Plot-For-Sale-In-Shastripuram-Agra-358-Sq-Yard-Spid-Z78224673', 'Beds': 0, 'City': 'Agra', 'Date': '3Mo Ago', 'Size': '3229 Sqft', 'Type': 'Residential Land / Plot', 'Baths': 0, 'Price': 25000000, 'Neighborhood': 'Shastripuram'}, {'Url': 'Https://Www.99Acres.Com/Residential-Land-Plot-For-Sale-In-Dayal-Bagh-Agra-1333-Sq-Yard-Spid-E80071237', 'Beds': 0, 'City': 'Agra', 'Date': '1W Ago', 'Size': '11997 Sqft', 'Type': 'Residential Land / Plot', 'Baths': 0, 'Price': 27000000, 'Neighborhood': 'Dayal Bagh'}, {'Url': 'Https://Www.99Acres.Com/4-Bhk-Bedroom-Independent-House-Villa-For-Sale-In-Nalanda-Town-Shamshabad-Road-Agra-1250-Sq-Ft-Spid-O78357211', 'Beds': 4, 'City': 'Agra', 'Date': '3Mo Ago', 'Size': '1250 Sqft', 'Type': '4 Bedroom House', 'Baths': 3, 'Price': 5200000, 'Neighborhood': 'Shamshabad Road'}, {'Url': 'Https://Www.99Acres.Com/Residential-Land-Plot-For-Sale-In-Dakamarri-Visakhapatnam-400-Sq-Yard-Spid-D79154929', 'Beds': 0, 'City': 'Visakhapatnam', 'Date': '2025-02-19T04:38:35.432Z', 'Size': '3600 Sqft', 'Type': 'Residential Land / Plot', 'Baths': 0, 'Price': 12000000, 'Neighborhood': 'Dakamarri'}, {'Url': 'Https://Www.99Acres.Com/4-Bhk-Bedroom-Independent-House-Villa-For-Sale-In-Kommadi-Visakhapatnam-2403-Sq-Ft-R1-Spid-B76462667', 'Beds': 4, 'City': 'Visakhapatnam', 'Date': '2025-02-19T04:38:35.432Z', 'Size': '2403 Sqft', 'Type': '4 Bedroom House', 'Baths': 4, 'Price': 19500000, 'Neighborhood': 'Kommadi'}, {'Url': 'Https://Www.99Acres.Com/4-Bhk-Bedroom-Independent-House-Villa-For-Sale-In-Maddilapalem-Visakhapatnam-2800-Sq-Ft-Spid-Y79147007', 'Beds': 4, 'City': 'Visakhapatnam', 'Date': '2025-02-19T04:38:35.432Z', 'Size': '2800 Sqft', 'Type': '4 Bedroom House', 'Baths': 1, 'Price': 12000000, 'Neighborhood': 'Maddilapalem'}, {'Url': 'Https://Www.99Acres.Com/Residential-Land-Plot-For-Sale-In-Anandapuram-Visakhapatnam-400-Sq-Yard-Spid-X79146491', 'Beds': 0, 'City': 'Visakhapatnam', 'Date': '2025-02-19T04:38:35.432Z', 'Size': '3600 Sqft', 'Type': 'Residential Land / Plot', 'Baths': 0, 'Price': 11000000, 'Neighborhood': 'Anandapuram'}, {'Url': 'Https://Www.99Acres.Com/Residential-Land-Plot-For-Sale-In-Narsipatnam-Visakhapatnam-1258-Sq-Yard-Spid-O79144285', 'Beds': 0, 'City': 'Visakhapatnam', 'Date': '2025-02-19T04:38:35.432Z', 'Size': '11325 Sqft', 'Type': 'Residential Land / Plot', 'Baths': 0, 'Price': 10000000, 'Neighborhood': 'Narsipatnam'}, {'Url': 'Https://Www.99Acres.Com/Residential-Land-Plot-For-Sale-In-Sattenapalle-Guntur-6534-Sq-Yard-Spid-V79143043', 'Beds': 0, 'City': 'Guntur', 'Date': '2025-02-19T04:38:35.432Z', 'Size': '58806 Sqft', 'Type': 'Residential Land / Plot', 'Baths': 0, 'Price': 10000000, 'Neighborhood': 'Sattenapalle'}, {'Url': 'Https://Www.99Acres.Com/5-Bhk-Bedroom-Independent-Builder-Floor-For-Sale-In-Rtc-Colony-Kakinada-3000-Sq-Ft-Spid-G79138381', 'Beds': 5, 'City': 'Kakinada', 'Date': '2025-02-19T04:38:35.432Z', 'Size': '3000 Sqft', 'Type': '5 Bhk Independent Builder Floor', 'Baths': 5, 'Price': 12500000, 'Neighborhood': 'Rtc Colony'}, {'Url': 'Https://Www.99Acres.Com/Residential-Land-Plot-For-Sale-In-Vizianagaram-800-Sq-Yard-Spid-W79131335', 'Beds': 0, 'City': 'Vizianagaram', 'Date': '2025-02-19T04:38:35.432Z', 'Size': '7200 Sqft', 'Type': 'Residential Land / Plot', 'Baths': 0, 'Price': 16000000, 'Neighborhood': 'Modavalasa'}, {'Url': 'Https://Www.99Acres.Com/2-Bhk-Bedroom-Independent-House-Villa-For-Sale-In-Sector-9-Mvp-Colony-Visakhapatnam-4500-Sq-Ft-Spid-Q79125923', 'Beds': 2, 'City': 'Visakhapatnam', 'Date': '2025-02-19T04:38:35.432Z', 'Size': '4500 Sqft', 'Type': '2 Bedroom House', 'Baths': 2, 'Price': 20000000, 'Neighborhood': 'Sector 9 Mvp Colony'}, {'Url': 'Https://Www.99Acres.Com/7-Bhk-Bedroom-Independent-House-Villa-For-Sale-In-Tandur-Vikarabad-4338-Sq-Ft-Spid-G79120191', 'Beds': 7, 'City': 'Vikarabad', 'Date': '2025-02-19T04:38:35.432Z', 'Size': '4338 Sqft', 'Type': '7 Bedroom House', 'Baths': 7, 'Price': 20000000, 'Neighborhood': 'Tandur'}, {'Url': 'Https://Www.99Acres.Com/4-Bhk-Bedroom-Apartment-Flat-For-Sale-In-Sb-City-By-Sb-Ventures-Thimmapuram-Kakinada-3900-Sq-Ft-Spid-M79907219', 'Beds': 4, 'City': 'Kakinada', 'Date': '2025-02-19T04:38:34.048Z', 'Size': '3900 Sqft', 'Type': 'Flat', 'Baths': 3, 'Price': 30000000, 'Neighborhood': 'Thimmapuram'}, {'Url': 'Https://Www.99Acres.Com/12-Bhk-Bedroom-Independent-House-Villa-For-Sale-In-Pallamraju-Nagar-Kakinada-8500-Sq-Ft-Spid-S79358009', 'Beds': 12, 'City': 'Kakinada', 'Date': '2025-02-19T04:38:34.048Z', 'Size': '8500 Sqft', 'Type': 'House', 'Baths': 12, 'Price': 42000000, 'Neighborhood': 'Pallamraju Nagar'}, {'Url': 'Https://Www.99Acres.Com/5-Bhk-Bedroom-Independent-House-Villa-For-Sale-In-Sarpavaram-Kakinada-2430-Sq-Ft-R2-Spid-E73411155', 'Beds': 5, 'City': 'Kakinada', 'Date': '2025-02-19T04:38:34.048Z', 'Size': '2430 Sqft', 'Type': 'House', 'Baths': 4, 'Price': 33000000, 'Neighborhood': 'Sarpavaram'}, {'Url': 'Https://Www.99Acres.Com/2-Bhk-Bedroom-Apartment-Flat-For-Sale-In-Cheediga-Kakinada-1980-Sq-Ft-Spid-B78290771', 'Beds': 2, 'City': 'Kakinada', 'Date': '2025-02-19T04:38:34.048Z', 'Size': '1980 Sqft', 'Type': 'Flat', 'Baths': 2, 'Price': 30000000, 'Neighborhood': 'Cheediga'}, {'Url': 'Https://Www.99Acres.Com/Residential-Land-Plot-For-Sale-In-Narasanna-Nagar-Kakinada-496-Sq-Yard-Spid-S79146237', 'Beds': 0, 'City': 'Kakinada', 'Date': '2025-02-19T04:38:34.048Z', 'Size': '4464 Sqft', 'Type': 'Land', 'Baths': 0, 'Price': 32500000, 'Neighborhood': 'Narasanna Nagar'}, {'Url': 'Https://Www.99Acres.Com/10-Bhk-Bedroom-Independent-House-Villa-For-Sale-In-Sarpavaram-Kakinada-484-Sq-Ft-Spid-F78756201', 'Beds': 10, 'City': 'Kakinada', 'Date': '2025-02-19T04:38:34.048Z', 'Size': '484 Sqft', 'Type': 'House', 'Baths': 6, 'Price': 33900000, 'Neighborhood': 'Sarpavaram'}, {'Url': 'Https://Www.99Acres.Com/4-Bhk-Bedroom-Independent-House-Villa-For-Sale-In-Kakinada-2655-Sq-Ft-Spid-G79250079', 'Beds': 4, 'City': 'Kakinada', 'Date': '2025-02-19T04:38:34.048Z', 'Size': '2655 Sqft', 'Type': 'House', 'Baths': 5, 'Price': 25000000, 'Neighborhood': 'Sbi Staff Colony, Srinivasa Nagar'}, {'Url': 'Https://Www.99Acres.Com/2-Bhk-Bedroom-Independent-House-Villa-For-Sale-In-Ashok-Nagar-Kakinada-1800-Sq-Ft-R1-Spid-U74770179', 'Beds': 2, 'City': 'Kakinada', 'Date': '2025-02-19T04:38:34.048Z', 'Size': '1800 Sqft', 'Type': 'House', 'Baths': 3, 'Price': 25000000, 'Neighborhood': 'Ashok Nagar'}, {'Url': 'Https://Www.99Acres.Com/5-Bhk-Bedroom-Independent-House-Villa-For-Sale-In-Ramanayapeta-Kakinada-3150-Sq-Ft-Spid-X80181911', 'Beds': 5, 'City': 'Kakinada', 'Date': '2025-02-19T04:38:34.048Z', 'Size': '3150 Sqft', 'Type': 'House', 'Baths': 5, 'Price': 25000000, 'Neighborhood': 'Ramanayapeta'}, {'Url': 'Https://Www.99Acres.Com/Residential-Land-Plot-For-Sale-In-Chitrada-Kakinada-5179-Sq-Yard-Spid-V79225539', 'Beds': 0, 'City': 'Kakinada', 'Date': '2025-02-19T04:38:34.048Z', 'Size': '46609 Sqft', 'Type': 'Land', 'Baths': 0, 'Price': 25000000, 'Neighborhood': 'Chitrada'}, {'Url': 'Https://Www.99Acres.Com/Residential-Land-Plot-For-Sale-In-Gajuwaka-Visakhapatnam-302-Sq-Yard-Spid-I78221397', 'Beds': 0, 'City': 'Visakhapatnam', 'Date': '3Mo Ago', 'Size': '2718 Sqft', 'Type': 'Residential Land / Plot', 'Baths': 0, 'Price': 30000000, 'Neighborhood': 'Gajuwaka'}, {'Url': 'Https://Www.99Acres.Com/3-Bhk-Bedroom-Apartment-Flat-For-Sale-In-Kancharapalem-Visakhapatnam-1380-Sq-Ft-R1-Spid-U73988533', 'Beds': 3, 'City': 'Visakhapatnam', 'Date': '3Mo Ago', 'Size': '1380 Sqft', 'Type': '3 Bhk Flat', 'Baths': 2, 'Price': 7000000, 'Neighborhood': 'Kancharapalem'}, {'Url': 'Https://Www.99Acres.Com/Residential-Land-Plot-For-Sale-In-Anakapalle-Visakhapatnam-10503-Sq-Yard-Spid-I78216765', 'Beds': 0, 'City': 'Visakhapatnam', 'Date': '3Mo Ago', 'Size': '94525 Sqft', 'Type': 'Residential Land / Plot', 'Baths': 0, 'Price': 15100000, 'Neighborhood': 'Anakapalle'}, {'Url': 'Https://Www.99Acres.Com/2-Bhk-Bedroom-Apartment-Flat-For-Sale-In-Group-Apartment-Madhurawada-Visakhapatnam-980-Sq-Ft-Spid-T78214855', 'Beds': 2, 'City': 'Visakhapatnam', 'Date': '3Mo Ago', 'Size': '980 Sqft', 'Type': '2 Bhk Flat', 'Baths': 2, 'Price': 4500000, 'Neighborhood': 'Madhurawada'}, {'Url': 'Https://Www.99Acres.Com/2-Bhk-Bedroom-Apartment-Flat-For-Sale-In-Pedagantyada-Visakhapatnam-920-Sq-Ft-Spid-R78212059', 'Beds': 2, 'City': 'Visakhapatnam', 'Date': '3Mo Ago', 'Size': '920 Sqft', 'Type': '2 Bhk Flat', 'Baths': 2, 'Price': 4500000, 'Neighborhood': 'Pedagantyada'}, {'Url': 'Https://Www.99Acres.Com/Residential-Land-Plot-For-Sale-In-Bhogapuram-Visakhapatnam-167-Sq-Yard-Spid-T78209499', 'Beds': 0, 'City': 'Visakhapatnam', 'Date': '3Mo Ago', 'Size': '1503 Sqft', 'Type': 'Residential Land / Plot', 'Baths': 0, 'Price': 3000000, 'Neighborhood': 'Bhogapuram'}, {'Url': 'Https://Www.99Acres.Com/3-Bhk-Bedroom-Apartment-Flat-For-Sale-In-Mvv-City-Madhurawada-Visakhapatnam-1500-Sq-Ft-Spid-V78208957', 'Beds': 3, 'City': 'Visakhapatnam', 'Date': '3Mo Ago', 'Size': '1500 Sqft', 'Type': '3 Bhk Flat', 'Baths': 2, 'Price': 12500000, 'Neighborhood': 'Madhurawada'}, {'Url': 'Https://Www.99Acres.Com/2-Bhk-Bedroom-Serviced-Apartment-Flat-For-Sale-In-Hema-Abodes-Twin-Bliss-Muralinagar-Visakhapatnam-1200-Sq-Ft-Spid-I78202793', 'Beds': 2, 'City': 'Visakhapatnam', 'Date': '3Mo Ago', 'Size': '1200 Sqft', 'Type': '2 Bhk Serviced Apartment', 'Baths': 2, 'Price': 8500000, 'Neighborhood': 'Muralinagar'}, {'Url': 'Https://Www.99Acres.Com/Other-Residential-Property-For-Sale-In-Narsipatnam-Visakhapatnam-740527-Sq-Ft-Spid-O78202453', 'Beds': 0, 'City': 'Visakhapatnam', 'Date': '3Mo Ago', 'Size': '740520 Sqft', 'Type': 'Residential Property', 'Baths': 0, 'Price': 40000000, 'Neighborhood': 'Narsipatnam'}, {'Url': 'Https://Www.99Acres.Com/Residential-Land-Plot-For-Sale-In-Visakhapatnam-160-Sq-Yard-Spid-X78202271', 'Beds': 0, 'City': 'Visakhapatnam', 'Date': '3Mo Ago', 'Size': '1440 Sqft', 'Type': 'Residential Land / Plot', 'Baths': 0, 'Price': 5500000, 'Neighborhood': 'Balacheruvu Road'}, {'Url': 'Https://Www.99Acres.Com/Property-Rates-And-Price-Trends-In-Sector-92-Noida-Prffid', 'Beds': 2, 'City': 'Noida', 'Date': '2025-02-19', 'Size': 'Sq.Ft', 'Type': 'Apartment', 'Baths': 2, 'Price': 17400, 'Neighborhood': 'Noida Greater Noida Expressway'}, {'Url': 'Https://Www.99Acres.Com/Property-Rates-And-Price-Trends-In-Sector-144-Noida-Prffid', 'Beds': 3, 'City': 'Noida', 'Date': '2025-02-19', 'Size': 'Sq.Ft', 'Type': 'Apartment', 'Baths': 2, 'Price': 13500, 'Neighborhood': 'Noida Greater Noida Expressway'}, {'Url': 'Https://Www.99Acres.Com/Property-Rates-And-Price-Trends-In-Sector-75-Noida-Prffid', 'Beds': 3, 'City': 'Noida', 'Date': '2025-02-19', 'Size': 'Sq.Ft', 'Type': 'Apartment', 'Baths': 2, 'Price': 13400, 'Neighborhood': 'Central Noida'}, {'Url': 'Https://Www.99Acres.Com/Property-Rates-And-Price-Trends-In-Sector-151-Noida-Prffid', 'Beds': 2, 'City': 'Noida', 'Date': '2025-02-19', 'Size': 'Sq.Ft', 'Type': 'Apartment', 'Baths': 2, 'Price': 7250, 'Neighborhood': 'Noida Greater Noida Expressway'}, {'Url': 'Https://Www.99Acres.Com/Property-Rates-And-Price-Trends-In-Sector-143B-Noida-Prffid', 'Beds': 2, 'City': 'Noida', 'Date': '2025-02-19', 'Size': 'Sq.Ft', 'Type': 'Apartment', 'Baths': 2, 'Price': 12500, 'Neighborhood': 'Noida Greater Noida Expressway'}, {'Url': 'Https://Www.99Acres.Com/Property-Rates-And-Price-Trends-In-Sector-107-Noida-Prffid', 'Beds': 3, 'City': 'Noida', 'Date': '2025-02-19', 'Size': 'Sq.Ft', 'Type': 'Apartment', 'Baths': 2, 'Price': 14800, 'Neighborhood': 'Noida Greater Noida Expressway'}, {'Url': 'Https://Www.99Acres.Com/Property-Rates-And-Price-Trends-In-Sector-79-Noida-Prffid', 'Beds': 3, 'City': 'Noida', 'Date': '2025-02-19', 'Size': 'Sq.Ft', 'Type': 'Apartment', 'Baths': 2, 'Price': 13250, 'Neighborhood': 'Central Noida'}, {'Url': 'Https://Www.99Acres.Com/Property-Rates-And-Price-Trends-In-Sector-133-Noida-Prffid', 'Beds': 2, 'City': 'Noida', 'Date': '2025-02-19', 'Size': 'Sq.Ft', 'Type': 'Apartment', 'Baths': 2, 'Price': 8250, 'Neighborhood': 'Noida Greater Noida Expressway'}, {'Url': 'Https://Www.99Acres.Com/Property-Rates-And-Price-Trends-In-Sector-152-Noida-Prffid', 'Beds': 2, 'City': 'Noida', 'Date': '2025-02-19', 'Size': 'Sq.Ft', 'Type': 'Apartment', 'Baths': 2, 'Price': 11250, 'Neighborhood': 'Noida Greater Noida Expressway'}, {'Url': 'Https://Www.99Acres.Com/Property-Rates-And-Price-Trends-In-Sector-108-Noida-Prffid', 'Beds': 3, 'City': 'Noida', 'Date': '2025-02-19', 'Size': 'Sq.Ft', 'Type': 'Apartment', 'Baths': 2, 'Price': 15200, 'Neighborhood': 'Noida Greater Noida Expressway'}, {'Url': 'Https://Www.99Acres.Com/Property-Rates-And-Price-Trends-In-Tumkur-Road-Bangalore-West-Prffid', 'Beds': 0, 'City': 'Bangalore', 'Date': '2025-02-19', 'Size': 'N/A', 'Type': 'Apartment', 'Baths': 0, 'Price': 18350, 'Neighborhood': 'Tumkur Road'}, {'Url': 'Https://Www.99Acres.Com/Property-Rates-And-Price-Trends-In-Gunjur-Bangalore-East-Prffid', 'Beds': 0, 'City': 'Bangalore', 'Date': '2025-02-19', 'Size': 'N/A', 'Type': 'Apartment', 'Baths': 0, 'Price': 11350, 'Neighborhood': 'Gunjur'}, {'Url': 'Https://Www.99Acres.Com/Property-Rates-And-Price-Trends-In-Kudlu-Gate-Bangalore-South-Prffid', 'Beds': 0, 'City': 'Bangalore', 'Date': '2025-02-19', 'Size': 'N/A', 'Type': 'Apartment', 'Baths': 0, 'Price': 14800, 'Neighborhood': 'Kudlu Gate'}, {'Url': 'Https://Www.99Acres.Com/Property-Rates-And-Price-Trends-In-Rajajinagar-Bangalore-West-Prffid', 'Beds': 0, 'City': 'Bangalore', 'Date': '2025-02-19', 'Size': 'N/A', 'Type': 'Apartment', 'Baths': 0, 'Price': 22050, 'Neighborhood': 'Rajajinagar'}, {'Url': 'Https://Www.99Acres.Com/Property-Rates-And-Price-Trends-In-Battarahalli-Bangalore-East-Prffid', 'Beds': 0, 'City': 'Bangalore', 'Date': '2025-02-19', 'Size': 'N/A', 'Type': 'Apartment', 'Baths': 0, 'Price': 6950, 'Neighborhood': 'Battarahalli'}, {'Url': 'Https://Www.99Acres.Com/Residential-Land-Plot-For-Sale-In-Mominpet-Hyderabad-240-Sq-Yard-Spid-H79682279', 'Beds': 0, 'City': 'Hyderabad', 'Date': '2025-01-19', 'Size': '2160 Sqft', 'Type': 'Residential Land / Plot', 'Baths': 0, 'Price': 2000000, 'Neighborhood': 'Mominpet'}, {'Url': 'Https://Www.99Acres.Com/Residential-Land-Plot-For-Sale-In-Kothur-Hyderabad-233-Sq-Yard-Spid-N79160347', 'Beds': 0, 'City': 'Hyderabad', 'Date': '2025-01-19', 'Size': '2095 Sqft', 'Type': 'Residential Land / Plot', 'Baths': 0, 'Price': 3726000, 'Neighborhood': 'Kothur'}, {'Url': 'Https://Www.99Acres.Com/Residential-Land-Plot-For-Sale-In-Nadargul-Hyderabad-150-Sq-Yard-R5-Spid-X71362954', 'Beds': 0, 'City': 'Hyderabad', 'Date': '2025-01-19', 'Size': '1350 Sqft', 'Type': 'Residential Land / Plot', 'Baths': 0, 'Price': 5400000, 'Neighborhood': 'Nadargul'}, {'Url': 'Https://Www.99Acres.Com/3-Bhk-Bedroom-Apartment-Flat-For-Sale-In-Anantula-Sai-Ashirvad-Nagole-Hyderabad-1795-Sq-Ft-Spid-M78519325', 'Beds': 3, 'City': 'Hyderabad', 'Date': '2025-01-19', 'Size': '1795 Sqft', 'Type': '3 Bhk Flat', 'Baths': 3, 'Price': 10500000, 'Neighborhood': 'Nagole'}, {'Url': 'Https://Www.99Acres.Com/3-Bhk-Bedroom-Apartment-Flat-For-Sale-In-Bscpl-Bollineni-Bion-Kondapur-Hyderabad-1965-Sq-Ft-Spid-Z80157247', 'Beds': 3, 'City': 'Hyderabad', 'Date': '2025-01-19', 'Size': '1965 Sqft', 'Type': '3 Bhk Flat', 'Baths': 4, 'Price': 25300000, 'Neighborhood': 'Kondapur'}, {'Url': 'Https://Www.99Acres.Com/2-Bhk-Bedroom-Apartment-Flat-For-Sale-In-Bscpl-Bollineni-Bion-Kondapur-Hyderabad-1290-Sq-Ft-Spid-Y80036359', 'Beds': 2, 'City': 'Hyderabad', 'Date': '2025-01-19', 'Size': '1290 Sqft', 'Type': '2 Bhk Flat', 'Baths': 2, 'Price': 16000000, 'Neighborhood': 'Kondapur'}, {'Url': 'Https://Www.99Acres.Com/Residential-Land-Plot-For-Sale-In-Tellapur-Hyderabad-420-Sq-Yard-Spid-Y79542783', 'Beds': 0, 'City': 'Hyderabad', 'Date': '2025-01-19', 'Size': '3780 Sqft', 'Type': 'Residential Land / Plot', 'Baths': 0, 'Price': 58000000, 'Neighborhood': 'Tellapur'}, {'Url': 'Https://Www.99Acres.Com/Residential-Land-Plot-For-Sale-In-Bangalore-Highway-Hyderabad-200-Sq-Yard-Spid-K79368821', 'Beds': 0, 'City': 'Hyderabad', 'Date': '2025-01-19', 'Size': '1800 Sqft', 'Type': 'Residential Land / Plot', 'Baths': 0, 'Price': 5200000, 'Neighborhood': 'Bangalore Highway'}, {'Url': 'Https://Www.99Acres.Com/Residential-Land-Plot-For-Sale-In-Bhashyam-Rrr-County-Shankarpally-Hyderabad-185-Sq-Yard-Spid-D79776527', 'Beds': 0, 'City': 'Hyderabad', 'Date': '2025-01-19', 'Size': '1665 Sqft', 'Type': 'Residential Land / Plot', 'Baths': 0, 'Price': 2960000, 'Neighborhood': 'Shankarpally'}, {'Url': 'Https://Www.99Acres.Com/Residential-Land-Plot-For-Sale-In-Nallagandla-Hyderabad-430-Sq-Yard-Spid-H79543277', 'Beds': 0, 'City': 'Hyderabad', 'Date': '2025-01-19', 'Size': '3870 Sqft', 'Type': 'Residential Land / Plot', 'Baths': 0, 'Price': 56000000, 'Neighborhood': 'Nallagandla'}, {'Url': 'Https://Www.99Acres.Com/Adityaram-Nagar-5-Ecr-Chennai-South-Npxid-R1383', 'Beds': 0, 'City': 'Chennai', 'Date': '2025-02-19', 'Size': '2400 - 4800 Sq.Ft.', 'Type': 'Land', 'Baths': 0, 'Price': 19000000, 'Neighborhood': 'Ecr'}, {'Url': 'Https://Www.99Acres.Com/Minerva-Sai-Darshan-Perumbakkam-Chennai-South-Npxid-R436802', 'Beds': 2, 'City': 'Chennai', 'Date': '2025-02-19', 'Size': '1165 Sq.Ft.', 'Type': '2 Bhk Apartment', 'Baths': 0, 'Price': 7514000, 'Neighborhood': 'Perumbakkam'}, {'Url': 'Https://Www.99Acres.Com/Hiranandani-Loftline-Thaiyur-Chennai-South-Npxid-R27142', 'Beds': 0, 'City': 'Chennai', 'Date': '2025-02-19', 'Size': '1200 - 2000 Sq.Ft.', 'Type': 'Land', 'Baths': 0, 'Price': 4230000, 'Neighborhood': 'Thaiyur'}, {'Url': 'Https://Www.99Acres.Com/Dlf-Parc-Estate-Siruseri-Chennai-South-Npxid-R385441', 'Beds': 0, 'City': 'Chennai', 'Date': '2025-02-19', 'Size': '0 Sq.Ft.', 'Type': 'Land', 'Baths': 0, 'Price': 7600000, 'Neighborhood': 'Siruseri'}, {'Url': 'Https://Www.99Acres.Com/Isha-Shubham-New-Perungalathur-Chennai-South-Npxid-R402129', 'Beds': 2, 'City': 'Chennai', 'Date': '2025-02-19', 'Size': '1163 - 1305 Sq.Ft.', 'Type': '2, 3 Bhk Apartment', 'Baths': 0, 'Price': 6513000, 'Neighborhood': 'New Perungalathur'}, {'Url': 'Https://Www.99Acres.Com/Elite-Akash-Garden-Kandigai-Chennai-South-Npxid-R378854', 'Beds': 0, 'City': 'Chennai', 'Date': '2025-02-19', 'Size': '801 - 1979 Sq.Ft.', 'Type': 'Land', 'Baths': 0, 'Price': 2723000, 'Neighborhood': 'Kandigai'}, {'Url': 'Https://Www.99Acres.Com/Vgn-Grandeur-Iyyappanthangal-Chennai-West-Npxid-R427423', 'Beds': 0, 'City': 'Chennai', 'Date': '2025-02-19', 'Size': '497 - 3601 Sq.Ft.', 'Type': 'Land', 'Baths': 0, 'Price': 4062000, 'Neighborhood': 'Iyyappanthangal'}, {'Url': 'Https://Www.99Acres.Com/Dra-Infinique-Valasaravakkam-Chennai-West-Npxid-R419925', 'Beds': 3, 'City': 'Chennai', 'Date': '2025-02-19', 'Size': '1172 - 1386 Sq.Ft.', 'Type': '3, 4 Bhk Apartment', 'Baths': 0, 'Price': 21200000, 'Neighborhood': 'Valasaravakkam'}, {'Url': 'Https://Www.99Acres.Com/3-Bhk-Bedroom-Apartment-Flat-For-Sale-In-Perungudi-Chennai-South-1723-Sq-Ft-Spid-R79451893', 'Beds': 3, 'City': 'Chennai', 'Date': '2025-02-19', 'Size': '1723 Sq.Ft.', 'Type': '3 Bhk Flat', 'Baths': 3, 'Price': 20700000, 'Neighborhood': 'Perungudi'}, {'Url': 'Https://Www.99Acres.Com/Residential-Land-Plot-For-Sale-In-Dharani-Square-Maraimalai-Nagar-Chennai-South-187-Sq-Yard-R2-Spid-X74990473', 'Beds': 0, 'City': 'Chennai', 'Date': '2025-02-19', 'Size': '1680 Sq.Ft.', 'Type': 'Residential Land / Plot', 'Baths': 0, 'Price': 4800000, 'Neighborhood': 'Maraimalai Nagar, Gst Road'}, {'Url': 'Https://Www.99Acres.Com/Residential-Land-Plot-For-Sale-In-Chirle-Navi-Mumbai-121-Sq-Yard-Spid-S80043461', 'Beds': 0, 'City': 'Navi Mumbai', 'Date': '2025-02-19', 'Size': '1089 Sqft', 'Type': 'Residential Land / Plot', 'Baths': 0, 'Price': 5.15, 'Neighborhood': 'Chirle'}, {'Url': 'Https://Www.99Acres.Com/Residential-Land-Plot-For-Sale-In-Panvel-Navi-Mumbai-121-Sq-Yard-Spid-Y80121649', 'Beds': 0, 'City': 'Navi Mumbai', 'Date': '2025-02-19', 'Size': '1089 Sqft', 'Type': 'Residential Land / Plot', 'Baths': 0, 'Price': 9, 'Neighborhood': 'Panvel'}, {'Url': 'Https://Www.99Acres.Com/1-Bhk-Bedroom-Independent-House-Villa-For-Sale-In-Nalanda-Nagar-Central-Mumbai-Suburbs-300-Sq-Ft-R2-Spid-Y61567464', 'Beds': 1, 'City': 'Mumbai', 'Date': '2025-02-19', 'Size': '300 Sqft', 'Type': '1 Bedroom House', 'Baths': 1, 'Price': 15, 'Neighborhood': 'Nalanda Nagar'}, {'Url': 'Https://Www.99Acres.Com/1-Bhk-Bedroom-Independent-Builder-Floor-For-Sale-In-South-Mumbai-400-Sq-Ft-Spid-Q79837329', 'Beds': 1, 'City': 'Mumbai', 'Date': '2025-02-19', 'Size': '400 Sqft', 'Type': '1 Bhk Independent Builder Floor', 'Baths': 1, 'Price': 15, 'Neighborhood': 'Badlapur Vangani'}, {'Url': 'Https://Www.99Acres.Com/Studio-Apartment-Flat-For-Sale-In-Mumbai-Andheri-Dahisar-200-Sq-Ft-Spid-F78213639', 'Beds': 1, 'City': 'Mumbai', 'Date': '2025-02-19', 'Size': '200 Sqft', 'Type': 'Studio Apartments / 1 Rk Flats', 'Baths': 1, 'Price': 9, 'Neighborhood': 'Nallasopara'}, {'Url': 'Https://Www.99Acres.Com/1-Bhk-Bedroom-Independent-House-Villa-For-Sale-In-Santacruz-East-Western-Mumbai-180-Sq-Ft-Spid-F80308689', 'Beds': 1, 'City': 'Mumbai', 'Date': '2025-02-19', 'Size': '180 Sqft', 'Type': '1 Bedroom House', 'Baths': 1, 'Price': 15, 'Neighborhood': 'Santacruz East'}, {'Url': 'Https://Www.99Acres.Com/1-Bhk-Bedroom-Apartment-Flat-For-Sale-In-Malad-West-Mumbai-Andheri-Dahisar-200-Sq-Ft-Spid-Y80284943', 'Beds': 1, 'City': 'Mumbai', 'Date': '2025-02-19', 'Size': '200 Sqft', 'Type': '1 Bhk Flat', 'Baths': 1, 'Price': 13, 'Neighborhood': 'Malad West'}, {'Url': 'Https://Www.99Acres.Com/1-Bhk-Bedroom-Independent-Builder-Floor-For-Sale-In-Asalpha-Central-Mumbai-Suburbs-100-Sq-Ft-Spid-I80257293', 'Beds': 1, 'City': 'Mumbai', 'Date': '2025-02-19', 'Size': '100 Sqft', 'Type': '1 Bhk Independent Builder Floor', 'Baths': 1, 'Price': 13, 'Neighborhood': 'Asalpha'}, {'Url': 'Https://Www.99Acres.Com/1-Bhk-Bedroom-Independent-Builder-Floor-For-Sale-In-Kandivali-East-Mumbai-Andheri-Dahisar-360-Sq-Ft-Spid-R80142791', 'Beds': 1, 'City': 'Mumbai', 'Date': '2025-02-19', 'Size': '360 Sqft', 'Type': '1 Bhk Independent Builder Floor', 'Baths': 1, 'Price': 11.5, 'Neighborhood': 'Kandivali East'}, {'Url': 'Https://Www.99Acres.Com/1-Bhk-Bedroom-Independent-House-Villa-For-Sale-In-Kandivali-West-Mumbai-Andheri-Dahisar-340-Sq-Ft-Spid-V80094569', 'Beds': 1, 'City': 'Mumbai', 'Date': '2025-02-19', 'Size': '340 Sqft', 'Type': '1 Bedroom House', 'Baths': 1, 'Price': 12, 'Neighborhood': 'Kandivali West'}, {'Url': 'Https://Www.99Acres.Com/3-Bhk-Bedroom-Apartment-Flat-For-Sale-In-Kundan-Eternia-2-Ghorpadi-Pune-1510-Sq-Ft-Spid-B79570853', 'Beds': 3, 'City': 'Pune', 'Date': '2025-02-18', 'Size': '1510 Sqft', 'Type': 'Residential Apartment', 'Baths': 3, 'Price': 16000000, 'Neighborhood': 'Ghorpadi'}, {'Url': 'Https://Www.99Acres.Com/2-Bhk-Bedroom-Apartment-Flat-For-Sale-In-Sinhgad-Road-Pune-1075-Sq-Ft-Spid-A79425559', 'Beds': 2, 'City': 'Pune', 'Date': '2025-01-19', 'Size': '1075 Sqft', 'Type': 'Residential Apartment', 'Baths': 2, 'Price': 13000000, 'Neighborhood': 'Sinhgad Road'}, {'Url': 'Https://Www.99Acres.Com/3-Bhk-Bedroom-Apartment-Flat-For-Sale-In-Godrej-Prana-Undri-Pune-South-1150-Sq-Ft-Spid-C76644695', 'Beds': 3, 'City': 'Pune', 'Date': '2025-02-05', 'Size': '1150 Sqft', 'Type': 'Residential Apartment', 'Baths': 2, 'Price': 9500000, 'Neighborhood': 'Undri'}, {'Url': 'Https://Www.99Acres.Com/2-Bhk-Bedroom-Apartment-Flat-For-Sale-In-Shapoorji-Joyville-Sensorium-Hinjewadi-Pune-710-Sq-Ft-Spid-T77568443', 'Beds': 2, 'City': 'Pune', 'Date': '2025-01-19', 'Size': '710 Sqft', 'Type': 'Residential Apartment', 'Baths': 2, 'Price': 8700000, 'Neighborhood': 'Hinjewadi'}, {'Url': 'Https://Www.99Acres.Com/3-Bhk-Bedroom-Apartment-Flat-For-Sale-In-Vtp-Cygnus-Manjari-Khurd-Pune-840-Sq-Ft-Spid-E79181215', 'Beds': 3, 'City': 'Pune', 'Date': '2025-01-19', 'Size': '840 Sqft', 'Type': 'Residential Apartment', 'Baths': 3, 'Price': 10000000, 'Neighborhood': 'Manjari Khurd'}, {'Url': 'Https://Www.99Acres.Com/2-Bhk-Bedroom-Apartment-Flat-For-Sale-In-Punawale-Pune-West-690-Sq-Ft-Spid-D79740105', 'Beds': 2, 'City': 'Pune', 'Date': '2025-02-13', 'Size': '690 Sqft', 'Type': 'Residential Apartment', 'Baths': 2, 'Price': 6500000, 'Neighborhood': 'Punawale'}, {'Url': 'Https://Www.99Acres.Com/6-Bhk-Bedroom-Independent-House-Villa-For-Sale-In-Katraj-Pune-840-Sq-Ft-Spid-T76240347', 'Beds': 6, 'City': 'Pune', 'Date': '2025-01-19', 'Size': '840 Sqft', 'Type': 'Independent House/Villa', 'Baths': 6, 'Price': 13500000, 'Neighborhood': 'Katraj'}, {'Url': '', 'Beds': 2, 'City': 'Pune', 'Date': '2025-02-17', 'Size': '800 Sqft', 'Type': 'Independent Builder Floor', 'Baths': 2, 'Price': 3800000, 'Neighborhood': 'Gahunje'}, {'Url': 'Https://Www.99Acres.Com/1-Bhk-Bedroom-Apartment-Flat-For-Sale-In-Amrutvel-Greens-Kirkatwadi-Pune-640-Sq-Ft-Spid-M77933479', 'Beds': 1, 'City': 'Pune', 'Date': '2025-02-17', 'Size': '640 Sqft', 'Type': 'Residential Apartment', 'Baths': 1, 'Price': 3500000, 'Neighborhood': 'Kirkatwadi'}, {'Url': 'Https://Www.99Acres.Com/3-Bhk-Bedroom-Apartment-Flat-For-Sale-In-Godrej-Hillside-Mahalunge-Pune-878-Sq-Ft-Spid-V80127563', 'Beds': 3, 'City': 'Pune', 'Date': '2025-02-12', 'Size': '878 Sqft', 'Type': 'Residential Apartment', 'Baths': 3, 'Price': 12000000, 'Neighborhood': 'Mahalunge'}]",1
