prop_id,property_type,city,address,resale,owntype,bhk,bathrooms,balcony_num,total_price,furnish,facing,property_age,floor_num,total_floor,prop_name,min_price,max_price,price_sqft,building_id,builtup_area_sqft,superbuiltup_sqft,brokerage,min_area_sqft,max_area_sqft,expiry_date,price,class_label,total_landmark_count,contact_company_name,flag_reason,dataset
Y51216482,Apartment,Gurugram,Sector 42 Gurgaon,No,Owner,4.0,6.0,4,0.0,Unfurnished,South-West,6,25,38,Dlf The Camellias,0.0,0.0,0,219301.0,1650.0,7400.0,1.0,687.4822,687.4822,2023-11-02,2.85,Dealer,15,Sharma Estates,Invalid total_price,dataset_3_real_estate_RE_Combined_Data_cleaned.csv
T51258728,Apartment,Gurugram,Sector 42 Gurgaon,No,Owner,4.0,7.0,3,0.0,Semifurnished,South-West,6,15,38,Dlf The Camellias,0.0,0.0,0,219301.0,1650.0,7430.0,1.0,690.26929,690.26929,2023-11-23,2.85,Dealer,15,Sharma Estates,Invalid total_price,dataset_3_real_estate_RE_Combined_Data_cleaned.csv
D57818872,Apartment,Gurugram,Sector 42 Gurgaon,No,Owner,5.0,7.0,3,0.0,Semifurnished,South-West,1,25,38,Dlf The Camellias,0.0,0.0,0,219301.0,1650.0,9500.0,1.0,882.5785,882.5785,2023-11-17,2.85,Dealer,15,Sharma Estates,Invalid total_price,dataset_3_real_estate_RE_Combined_Data_cleaned.csv
B51216362,Apartment,Gurugram,Sector 42 Gurgaon,No,Owner,5.0,6.0,4,0.0,Semifurnished,South-West,6,38,38,Dlf The Camellias,0.0,0.0,0,219301.0,1650.0,13000.0,1.0,1207.739,1207.739,2023-12-09,2.85,Dealer,15,Sharma Estates,Invalid total_price,dataset_3_real_estate_RE_Combined_Data_cleaned.csv
C58709034,Apartment,Gurugram,Sector 42 Gurgaon,No,Owner,5.0,6.0,4,0.0,Semifurnished,South-West,2,16,17,Dlf The Aralias,0.0,0.0,0,20320.0,1650.0,10000.0,1.0,929.03,929.03,2023-12-08,2.85,Dealer,12,Sharma Estates,Invalid total_price,dataset_3_real_estate_RE_Combined_Data_cleaned.csv
T59551064,Apartment,Gurugram,Sector 54 Gurgaon,No,Owner,4.0,5.0,4,0.0,Unfurnished,South-West,1,16,38,Dlf The Crest,0.0,0.0,0,15852.0,1650.0,4022.0,1.0,373.655866,373.655866,2023-12-08,2.85,Dealer,14,Sharma Estates,Invalid total_price,dataset_3_real_estate_RE_Combined_Data_cleaned.csv
E58076644,Apartment,Gurugram,Sector 42 Gurgaon,No,Owner,6.0,7.0,4,0.0,Semifurnished,South-West,6,12,38,Dlf The Camellias,0.0,0.0,0,219301.0,1650.0,11000.0,1.0,1021.933,1021.933,2023-11-17,2.85,Dealer,15,Sharma Estates,Invalid total_price,dataset_3_real_estate_RE_Combined_Data_cleaned.csv
Q25076089,Apartment,Gurugram,Dlf Phase 3,No,Owner,7.0,7.0,4,0.0,Semifurnished,South-West,6,11,12,Ambience Caitriona,0.0,0.0,0,50156.0,1650.0,15000.0,1.0,1393.545,1393.545,2023-12-05,2.85,Dealer,15,Sharma Estates,Invalid total_price,dataset_3_real_estate_RE_Combined_Data_cleaned.csv
R56888744,Apartment,Gurugram,Sector 63 Gurgaon,No,Owner,4.0,5.0,4,0.0,Semifurnished,South-West,5,16,39,"Dlf The Arbour, Golf Course Extension Road",0.0,0.0,0,0.0,1650.0,3950.0,0.0,366.96685,366.96685,2023-11-28,2.85,Dealer,10,Sharma Estates,Invalid total_price,dataset_3_real_estate_RE_Combined_Data_cleaned.csv
W21677081,Apartment,Gurugram,Sector 42 Gurgaon,No,Owner,4.0,5.0,4,0.0,Semifurnished,South-West,1,16,25,Dlf The Magnolias,0.0,0.0,0,534.0,1650.0,6400.0,1.0,594.5792,594.5792,2023-12-05,2.85,Dealer,15,Sharma Estates,Invalid total_price,dataset_3_real_estate_RE_Combined_Data_cleaned.csv
G69787640,Apartment,Gurugram,Sector 59 Gurgaon,No,Owner,4.0,3.0,1,0.0,Semifurnished,North,2,3,33,Conscient Elevate,0.0,0.0,0,1001692.0,1650.0,2600.0,1.0,241.5478,241.5478,2023-10-29,2.85,Dealer,14,Temple Homes Pvt. Ltd.,Invalid total_price,dataset_3_real_estate_RE_Combined_Data_cleaned.csv
M69555358,Apartment,Hyderabad,,Yes,Owner,4.0,,2,0.0,Unknown,North,5,1,20,The Olympus,0.0,0.0,0,1061980.0,,,,267.56064,278.709,2023-12-05,24.75,Builder,11,,Invalid total_price,dataset_3_real_estate_RE_Combined_Data_cleaned.csv
V70545426,Apartment,Hyderabad,,Yes,Owner,1.0,,2,0.0,Unknown,North,5,1,47,Hyderabad One,0.0,0.0,0,1069093.0,,,,50.725038,50.725038,2023-08-31,24.75,Builder,9,,Invalid total_price,dataset_3_real_estate_RE_Combined_Data_cleaned.csv
I70026588,Apartment,Hyderabad,,Yes,Owner,4.0,,2,0.0,Unknown,North,5,1,35,Aparna One,0.0,0.0,0,876087.0,,,,386.011965,484.582048,2023-10-01,24.75,Builder,10,,Invalid total_price,dataset_3_real_estate_RE_Combined_Data_cleaned.csv
J70026586,Apartment,Hyderabad,,Yes,Owner,3.0,,2,0.0,Unknown,North,5,1,35,Aparna One,0.0,0.0,0,876087.0,,,,267.189028,267.189028,2023-10-01,24.75,Builder,10,,Invalid total_price,dataset_3_real_estate_RE_Combined_Data_cleaned.csv
R69543366,Apartment,Hyderabad,,Yes,Owner,3.0,,2,0.0,Unknown,North,6,1,7,My Fortune Pride,0.0,0.0,0,1052527.0,,,,132.386775,204.851115,2023-09-06,24.75,Builder,44,,Invalid total_price,dataset_3_real_estate_RE_Combined_Data_cleaned.csv
U70440610,Apartment,Secunderabad,,Yes,Owner,4.0,,2,0.0,Unknown,North,5,1,9,Aparna Serenity,0.0,0.0,0,1052280.0,,,,244.33489,253.62519,2023-10-24,24.75,Builder,10,,Invalid total_price,dataset_3_real_estate_RE_Combined_Data_cleaned.csv
J70440600,Apartment,Secunderabad,,Yes,Owner,3.0,,2,0.0,Unknown,North,5,1,9,Aparna Serenity,0.0,0.0,0,1052280.0,,,,136.102895,207.17369,2023-10-24,24.75,Builder,10,,Invalid total_price,dataset_3_real_estate_RE_Combined_Data_cleaned.csv
D70440598,Apartment,Secunderabad,,Yes,Owner,2.0,,2,0.0,Unknown,North,5,1,9,Aparna Serenity,0.0,0.0,0,1052280.0,,,,124.025505,124.025505,2023-10-24,24.75,Builder,10,,Invalid total_price,dataset_3_real_estate_RE_Combined_Data_cleaned.csv
U70499514,Apartment,Secunderabad,,Yes,Owner,3.0,,2,0.0,Unknown,North,5,1,15,Aparna Kanopy Yellow Bells,0.0,0.0,0,1060177.0,,,,142.699008,177.537633,2023-09-25,24.75,Builder,10,,Invalid total_price,dataset_3_real_estate_RE_Combined_Data_cleaned.csv
S70499512,Apartment,Secunderabad,,Yes,Owner,2.0,,2,0.0,Unknown,North,5,1,15,Aparna Kanopy Yellow Bells,0.0,0.0,0,1060177.0,,,,120.216482,126.440983,2023-09-25,24.75,Builder,10,,Invalid total_price,dataset_3_real_estate_RE_Combined_Data_cleaned.csv
T70026354,Apartment,Hyderabad,,Yes,Owner,4.0,,2,0.0,Unknown,North,5,1,26,Aparna Sarovar Zicon,0.0,0.0,0,1057276.0,,,,142.048687,267.096125,2023-10-01,24.75,Builder,11,,Invalid total_price,dataset_3_real_estate_RE_Combined_Data_cleaned.csv
Y70026352,Apartment,Hyderabad,,Yes,Owner,3.0,,2,0.0,Unknown,North,5,1,26,Aparna Sarovar Zicon,0.0,0.0,0,1057276.0,,,,121.610027,239.225225,2023-10-01,24.75,Builder,11,,Invalid total_price,dataset_3_real_estate_RE_Combined_Data_cleaned.csv
O70026348,Apartment,Hyderabad,,Yes,Owner,2.0,,2,0.0,Unknown,North,5,1,26,Aparna Sarovar Zicon,0.0,0.0,0,1057276.0,,,,112.877145,177.351827,2023-10-01,24.75,Builder,11,,Invalid total_price,dataset_3_real_estate_RE_Combined_Data_cleaned.csv
Y70877022,Apartment,Hyderabad,,Yes,Owner,3.0,,2,0.0,Unknown,North,5,1,8,Rudhras Bhuvi,0.0,0.0,0,1092183.0,,,,147.622867,177.073118,2023-11-11,24.75,Builder,9,,Invalid total_price,dataset_3_real_estate_RE_Combined_Data_cleaned.csv
Y70877020,Apartment,Hyderabad,,Yes,Owner,2.0,,2,0.0,Unknown,North,5,1,8,Rudhras Bhuvi,0.0,0.0,0,1092183.0,,,,102.379106,119.566161,2023-11-11,24.75,Builder,9,,Invalid total_price,dataset_3_real_estate_RE_Combined_Data_cleaned.csv
V70242180,Apartment,Hyderabad,,Yes,Owner,3.0,,2,0.0,Unknown,North,5,1,47,Candeur Twins,0.0,0.0,0,1091331.0,,,,147.71577,191.38018,2023-10-12,24.75,Dealer,12,,Invalid total_price,dataset_3_real_estate_RE_Combined_Data_cleaned.csv
J69578256,Apartment,Hyderabad,,Yes,Owner,4.0,,2,0.0,Unknown,North,5,1,37,Sattva Lake Ridge,0.0,0.0,0,1121138.0,,,,370.032649,489.227198,2023-09-07,24.75,Builder,13,,Invalid total_price,dataset_3_real_estate_RE_Combined_Data_cleaned.csv
C69578252,Apartment,Hyderabad,,Yes,Owner,3.0,,2,0.0,Unknown,North,5,1,37,Sattva Lake Ridge,0.0,0.0,0,1121138.0,,,,199.927256,382.295845,2023-09-07,24.75,Builder,13,,Invalid total_price,dataset_3_real_estate_RE_Combined_Data_cleaned.csv
S70803288,Apartment,Hyderabad,,Yes,Owner,2.0,,2,0.0,Unknown,North,6,1,5,Nihira Ira Orchid,0.0,0.0,0,1125151.0,,,,92.903,92.903,2023-08-30,24.75,Builder,8,,Invalid total_price,dataset_3_real_estate_RE_Combined_Data_cleaned.csv
Z69919572,Apartment,Hyderabad,,Yes,Owner,5.0,,2,0.0,Unknown,North,5,1,32,Vasavi Skyla,0.0,0.0,0,1069404.0,,,,413.41835,668.9016,2023-10-25,24.75,Builder,11,,Invalid total_price,dataset_3_real_estate_RE_Combined_Data_cleaned.csv
F70019860,Apartment,Hyderabad,,Yes,Owner,2.0,,2,0.0,Unknown,North,5,1,5,Modi Paradise,0.0,0.0,0,190357.0,,,,90.11591,90.11591,2023-10-01,24.75,Builder,10,,Invalid total_price,dataset_3_real_estate_RE_Combined_Data_cleaned.csv
Z70813124,Apartment,Hyderabad,,Yes,Owner,3.0,,2,0.0,Unknown,North,5,1,30,Vertex Viraat,0.0,0.0,0,1057989.0,,,,143.99965,188.59309,2023-09-14,24.75,Builder,12,,Invalid total_price,dataset_3_real_estate_RE_Combined_Data_cleaned.csv
V70813122,Apartment,Hyderabad,,Yes,Owner,2.0,,2,0.0,Unknown,North,5,1,30,Vertex Viraat,0.0,0.0,0,1057989.0,,,,124.49002,124.49002,2023-09-14,24.75,Builder,12,,Invalid total_price,dataset_3_real_estate_RE_Combined_Data_cleaned.csv
N70485248,Apartment,Hyderabad,,Yes,Owner,3.0,,2,0.0,Unknown,North,5,1,20,The Ananda,0.0,0.0,0,1065993.0,,,,150.781569,180.417626,2023-08-27,24.75,Builder,5,,Invalid total_price,dataset_3_real_estate_RE_Combined_Data_cleaned.csv
V70485244,Apartment,Hyderabad,,Yes,Owner,2.0,,2,0.0,Unknown,North,5,1,20,The Ananda,0.0,0.0,0,1065993.0,,,,126.162274,126.719692,2023-08-27,24.75,Builder,5,,Invalid total_price,dataset_3_real_estate_RE_Combined_Data_cleaned.csv
W70298094,Apartment,Hyderabad,,Yes,Owner,2.0,,2,0.0,Unknown,North,5,1,14,Forest Edge By Canny,0.0,0.0,0,1069439.0,,,,119.380355,119.380355,2023-10-16,24.75,Dealer,13,,Invalid total_price,dataset_3_real_estate_RE_Combined_Data_cleaned.csv
S70657024,Apartment,Hyderabad,,Yes,Owner,3.0,,2,0.0,Unknown,North,5,1,20,The Olympus,0.0,0.0,0,1061980.0,,,,155.14801,215.53496,2023-08-29,24.75,Dealer,11,,Invalid total_price,dataset_3_real_estate_RE_Combined_Data_cleaned.csv
Z70298210,Apartment,Hyderabad,,Yes,Owner,3.0,,2,0.0,Unknown,North,5,1,13,Sree Kalpa Luxor,0.0,0.0,0,1113247.0,,,,140.28353,176.794409,2023-10-16,24.75,Dealer,8,,Invalid total_price,dataset_3_real_estate_RE_Combined_Data_cleaned.csv
H70298208,Apartment,Hyderabad,,Yes,Owner,2.0,,2,0.0,Unknown,North,5,1,13,Sree Kalpa Luxor,0.0,0.0,0,1113247.0,,,,111.855212,127.184207,2023-10-16,24.75,Dealer,8,,Invalid total_price,dataset_3_real_estate_RE_Combined_Data_cleaned.csv
Z70296366,Apartment,Hyderabad,,Yes,Owner,3.0,,2,0.0,Unknown,North,5,1,30,Vertex Viraat,0.0,0.0,0,1057989.0,,,,143.99965,188.59309,2023-10-16,24.75,Dealer,12,,Invalid total_price,dataset_3_real_estate_RE_Combined_Data_cleaned.csv
N70296364,Apartment,Hyderabad,,Yes,Owner,2.0,,2,0.0,Unknown,North,5,1,30,Vertex Viraat,0.0,0.0,0,1057989.0,,,,124.49002,124.49002,2023-10-16,24.75,Dealer,12,,Invalid total_price,dataset_3_real_estate_RE_Combined_Data_cleaned.csv
S70296162,Apartment,Hyderabad,,Yes,Owner,3.0,,2,0.0,Unknown,North,5,1,5,Fortune Mayura,0.0,0.0,0,1031760.0,,,,134.70935,144.92868,2023-10-16,24.75,Dealer,15,,Invalid total_price,dataset_3_real_estate_RE_Combined_Data_cleaned.csv
I70296158,Apartment,Hyderabad,,Yes,Owner,2.0,,2,0.0,Unknown,North,5,1,5,Fortune Mayura,0.0,0.0,0,1031760.0,,,,110.833279,112.41263,2023-10-16,24.75,Dealer,15,,Invalid total_price,dataset_3_real_estate_RE_Combined_Data_cleaned.csv
Q70779302,Apartment,Hyderabad,,Yes,Owner,5.0,,2,0.0,Unknown,North,5,1,36,Prestige Rainbow Waters,0.0,0.0,0,1122478.0,,,,743.316903,743.316903,2023-09-11,24.75,Dealer,13,,Invalid total_price,dataset_3_real_estate_RE_Combined_Data_cleaned.csv
F70779300,Apartment,Hyderabad,,Yes,Owner,4.0,,2,0.0,Unknown,North,5,1,36,Prestige Rainbow Waters,0.0,0.0,0,1122478.0,,,,460.334365,720.648571,2023-09-11,24.75,Dealer,13,,Invalid total_price,dataset_3_real_estate_RE_Combined_Data_cleaned.csv
D70460242,Apartment,Hyderabad,,Yes,Owner,3.0,,2,0.0,Unknown,North,6,1,15,Jains Salzburg,0.0,0.0,0,96060.0,,,,94.76106,167.318303,2023-08-26,24.75,Dealer,6,,Invalid total_price,dataset_3_real_estate_RE_Combined_Data_cleaned.csv
Q70460240,Apartment,Hyderabad,,Yes,Owner,2.0,,2,0.0,Unknown,North,6,1,15,Jains Salzburg,0.0,0.0,0,96060.0,,,,90.0230069999999,103.772651,2023-08-26,24.75,Dealer,6,,Invalid total_price,dataset_3_real_estate_RE_Combined_Data_cleaned.csv
E70984036,Apartment,Hyderabad,,Yes,Owner,4.0,,2,0.0,Unknown,North,5,1,37,Sattva Lake Ridge,0.0,0.0,0,1121138.0,,,,370.032649,489.227198,2023-09-23,24.75,Dealer,13,,Invalid total_price,dataset_3_real_estate_RE_Combined_Data_cleaned.csv
D70984034,Apartment,Hyderabad,,Yes,Owner,3.0,,2,0.0,Unknown,North,5,1,37,Sattva Lake Ridge,0.0,0.0,0,1121138.0,,,,199.927256,382.295845,2023-09-23,24.75,Dealer,13,,Invalid total_price,dataset_3_real_estate_RE_Combined_Data_cleaned.csv
F70476530,Apartment,Hyderabad,,Yes,Owner,5.0,,2,0.0,Unknown,North,5,1,32,Vasavi Skyla,0.0,0.0,0,1069404.0,,,,413.41835,668.9016,2023-08-27,24.75,Dealer,11,,Invalid total_price,dataset_3_real_estate_RE_Combined_Data_cleaned.csv
J70476528,Apartment,Hyderabad,,Yes,Owner,4.0,,2,0.0,Unknown,North,5,1,32,Vasavi Skyla,0.0,0.0,0,1069404.0,,,,332.59274,598.29532,2023-08-27,24.75,Dealer,11,,Invalid total_price,dataset_3_real_estate_RE_Combined_Data_cleaned.csv
T70476526,Apartment,Hyderabad,,Yes,Owner,3.0,,2,0.0,Unknown,North,5,1,32,Vasavi Skyla,0.0,0.0,0,1069404.0,,,,195.0963,334.4508,2023-08-27,24.75,Dealer,11,,Invalid total_price,dataset_3_real_estate_RE_Combined_Data_cleaned.csv
X70454890,Apartment,Hyderabad,,Yes,Owner,2.0,,2,0.0,Unknown,North,5,1,14,Forest Edge By Canny,0.0,0.0,0,1069439.0,,,,119.380355,119.380355,2023-08-26,24.75,Dealer,13,,Invalid total_price,dataset_3_real_estate_RE_Combined_Data_cleaned.csv
L69957198,Apartment,Secunderabad,,No,Owner,3.0,,2,0.0,Unknown,North,0,5,5,Tranquil,0.0,0.0,0,0.0,,,,183.94794,183.94794,2023-08-28,24.75,Dealer,5,,Invalid total_price,dataset_3_real_estate_RE_Combined_Data_cleaned.csv
G69956944,Apartment,Secunderabad,,No,Owner,3.0,,2,0.0,Unknown,South-East,0,5,5,Metro Tranquil Medchal,0.0,0.0,0,0.0,,,,167.2254,167.2254,2023-08-28,24.75,Dealer,5,,Invalid total_price,dataset_3_real_estate_RE_Combined_Data_cleaned.csv
J70897754,Apartment,Hyderabad,,No,Owner,3.0,,1,0.0,Semifurnished,South-East,5,12,50,Candeur Crescent Serilingampally,0.0,0.0,0,1082548.0,,,,132.386775,132.386775,2023-10-18,24.75,Dealer,50,,Invalid total_price,dataset_3_real_estate_RE_Combined_Data_cleaned.csv
C69979396,Apartment,Hyderabad,,No,Owner,2.0,,1,0.0,Semifurnished,North,1,7,14,Jains Salzburg,0.0,0.0,0,96060.0,,,,101.357173,101.357173,2023-08-29,24.75,Dealer,6,,Invalid total_price,dataset_3_real_estate_RE_Combined_Data_cleaned.csv
U71015452,Apartment,Hyderabad,,No,Owner,3.0,,2,0.0,Unknown,North,0,5,5,Unknown,0.0,0.0,0,0.0,,,,89030.80296,89030.80296,2023-10-24,24.75,Dealer,3,,Invalid total_price,dataset_3_real_estate_RE_Combined_Data_cleaned.csv
R70908014,Apartment,Hyderabad,,No,Owner,3.0,,2,0.0,Unknown,North,0,5,5,Unknown,0.0,0.0,0,0.0,,,,200.67048,200.67048,2023-09-28,24.75,Dealer,15,,Invalid total_price,dataset_3_real_estate_RE_Combined_Data_cleaned.csv
D70355884,Apartment,Hyderabad,,No,Renter,3.0,,4,0.0,Unfurnished,North,1,2,3,Zoe Arcade,1500.0,1500.0,0,0.0,,,,153.28995,153.28995,2023-09-20,1500.0,Owner,15,,Invalid total_price,dataset_3_real_estate_RE_Combined_Data_cleaned.csv
X69912728,Apartment,Kolkata East,,Yes,Owner,2.0,,1,0.0,Unknown,North,5,1,12,Woodwinds,,,0,,,789.0,,,,,44.92,,10,,Invalid total_price,dataset_3_real_estate_RE_Combined_Data_cleaned.csv
T70304170,Apartment,Kolkata North,,Yes,Owner,1.0,,1,0.0,Unknown,North,5,1,6,Sapnil Residency,,,0,,,1140.0,,,,,44.92,,11,,Invalid total_price,dataset_3_real_estate_RE_Combined_Data_cleaned.csv
A70054896,Apartment,Kolkata South,,Yes,Owner,1.0,,1,0.0,Unknown,North,5,1,12,Prudent Pragati,,,0,,,713.0,,,,,44.92,,2,,Invalid total_price,dataset_3_real_estate_RE_Combined_Data_cleaned.csv
P71125708,Apartment,Kolkata East,,Yes,Owner,4.0,,1,0.0,Unknown,North,5,1,12,Chitrakut Heights Phase 2,,,0,,,1140.0,,,,,44.92,,10,,Invalid total_price,dataset_3_real_estate_RE_Combined_Data_cleaned.csv
P71252244,Apartment,Kolkata East,,Yes,Owner,3.0,,1,0.0,Unknown,North,5,1,25,Srijan Town Square,,,0,,,1140.0,,,,,44.92,,41,,Invalid total_price,dataset_3_real_estate_RE_Combined_Data_cleaned.csv
F71142186,Apartment,Kolkata East,,Yes,Owner,2.0,,1,0.0,Unknown,North,5,1,12,Merlin Lakescape,,,0,,,1140.0,,,,,44.92,,8,,Invalid total_price,dataset_3_real_estate_RE_Combined_Data_cleaned.csv
J71020340,Apartment,Kolkata East,,Yes,Owner,4.0,,1,0.0,Unknown,North,5,1,12,Chitrakut Heights Phase 2,,,0,,,1140.0,,,,,44.92,,10,,Invalid total_price,dataset_3_real_estate_RE_Combined_Data_cleaned.csv
J71016334,Apartment,Kolkata South,,Yes,Owner,1.0,,1,0.0,Unknown,North,5,1,4,Squaremark Mohorkoonjo,,,0,,,474.0,,,,,44.92,,10,,Invalid total_price,dataset_3_real_estate_RE_Combined_Data_cleaned.csv
S71420878,Apartment,Kolkata East,,Yes,Owner,2.0,,1,0.0,Unknown,North,5,1,18,Laguna Bay,,,0,,,1140.0,,,,,44.92,,12,,Invalid total_price,dataset_3_real_estate_RE_Combined_Data_cleaned.csv
B71360774,Apartment,Kolkata South,,Yes,Owner,5.0,,1,0.0,Unknown,North,5,1,38,Trump Tower Kolkata,,,0,,,3544.0,,,,,44.92,,8,,Invalid total_price,dataset_3_real_estate_RE_Combined_Data_cleaned.csv
N71360772,Apartment,Kolkata South,,Yes,Owner,4.0,,1,0.0,Unknown,North,5,1,38,Trump Tower Kolkata,,,0,,,1140.0,,,,,44.92,,8,,Invalid total_price,dataset_3_real_estate_RE_Combined_Data_cleaned.csv
D71360770,Apartment,Kolkata South,,Yes,Owner,3.0,,1,0.0,Unknown,North,5,1,38,Trump Tower Kolkata,,,0,,,1140.0,,,,,44.92,,8,,Invalid total_price,dataset_3_real_estate_RE_Combined_Data_cleaned.csv
H71186652,Apartment,Kolkata South,,Yes,Owner,2.0,,1,0.0,Unknown,North,5,1,35,The Royal Ganges,,,0,,,1140.0,,,,,44.92,,9,,Invalid total_price,dataset_3_real_estate_RE_Combined_Data_cleaned.csv
C71427410,Apartment,Kolkata West,,Yes,Owner,4.0,,1,0.0,Unknown,North,5,1,19,Periwal Essense,,,0,,,1907.0,,,,,44.92,,8,,Invalid total_price,dataset_3_real_estate_RE_Combined_Data_cleaned.csv
S71427408,Apartment,Kolkata West,,Yes,Owner,3.0,,1,0.0,Unknown,North,5,1,19,Periwal Essense,,,0,,,1140.0,,,,,44.92,,8,,Invalid total_price,dataset_3_real_estate_RE_Combined_Data_cleaned.csv
X71166866,Apartment,Kolkata South,,No,Owner,3.0,,1,0.0,Unknown,Other,0,3,4,Green City Sonarpur,,,0,,,1140.0,,,,,5.0,,10,,Invalid total_price,dataset_3_real_estate_RE_Combined_Data_cleaned.csv
S71103432,Apartment,Kolkata North,,Yes,Owner,1.0,,1,0.0,Unknown,North,5,1,11,Belani Ayana,,,0,,,589.0,,,,,44.92,,3,,Invalid total_price,dataset_3_real_estate_RE_Combined_Data_cleaned.csv
H69378478,Apartment,Kolkata North,,No,Owner,4.0,,1,0.0,Semifurnished,North,1,6,32,Swarnamani,,,0,,,2693.0,,,,,44.92,,6,,Invalid total_price,dataset_3_real_estate_RE_Combined_Data_cleaned.csv
L71181460,Apartment,Kolkata East,,No,Owner,3.0,,1,0.0,Semifurnished,North,5,18,25,Newtown Apartment,,,0,,,2344.0,,,,,44.92,,35,,Invalid total_price,dataset_3_real_estate_RE_Combined_Data_cleaned.csv
G56275438,Apartment,Kolkata North,,No,Owner,4.0,,3,0.0,Semifurnished,North,1,8,32,Swarnamani,,,0,,,3379.0,,,,,44.92,,6,,Invalid total_price,dataset_3_real_estate_RE_Combined_Data_cleaned.csv
C56243388,Apartment,Kolkata South,,No,Owner,4.0,,2,0.0,Unknown,North,1,10,14,Aqua Beaumont,,,0,,,4250.0,,,,,44.92,,50,,Invalid total_price,dataset_3_real_estate_RE_Combined_Data_cleaned.csv
R56251492,Apartment,Kolkata South,,No,Owner,4.0,,0,0.0,Semifurnished,North,1,9,14,Aqua Beaumont,,,0,,,4250.0,,,,,44.92,,50,,Invalid total_price,dataset_3_real_estate_RE_Combined_Data_cleaned.csv
I20297761,Villa/Independent House,Kolkata North,,No,Renter,4.0,,1,0.0,Unfurnished,North,3,3,5,Unknown,,,0,,,1140.0,,,,,44.92,,49,,Invalid total_price,dataset_3_real_estate_RE_Combined_Data_cleaned.csv
B69775122,Villa/Independent House,Kolkata West,,No,Renter,3.0,,1,0.0,Unfurnished,South,3,3,4,Merlin Uttara,,,0,,,1140.0,,,,,3000.0,,15,,Invalid total_price,dataset_3_real_estate_RE_Combined_Data_cleaned.csv
E69358766,Apartment,Kolkata North,,No,2,4.0,,2,0.0,Semifurnished,North,5,18,31,Anantmani,,,0,,,2838.0,,,,,44.92,,14,,Invalid total_price,dataset_3_real_estate_RE_Combined_Data_cleaned.csv
J66275460,Apartment,Mumbai Andheri-Dahisar,,Yes,Owner,4.0,,1,0.0,Unknown,North,5,1,57,Elysian By Oberoi Realty,0.0,0.0,0,1053035.0,,,,222.9672,222.9672,2023-08-30,38.0,Builder,15,,Invalid total_price,dataset_3_real_estate_RE_Combined_Data_cleaned.csv
D67096488,Apartment,Central Mumbai Suburbs,,Yes,Owner,3.0,,1,0.0,Unknown,North,6,1,60,Enigma By Oberoi Realty,0.0,0.0,0,53058.0,,,,131.457745,131.457745,2023-09-21,38.0,Builder,15,,Invalid total_price,dataset_3_real_estate_RE_Combined_Data_cleaned.csv
D68375652,Apartment,Mumbai Harbour,,Yes,Owner,4.0,,1,0.0,Unknown,North,5,1,40,Lodha Aura New Cuffe Parade,0.0,0.0,0,1110355.0,,,,164.252504,164.252504,2023-10-01,38.0,Builder,4,,Invalid total_price,dataset_3_real_estate_RE_Combined_Data_cleaned.csv
M68736014,Apartment,Mumbai Beyond Thane,,Yes,Owner,2.0,,1,0.0,Unknown,North,5,1,13,Empire Centrum,0.0,0.0,0,379733.0,,,,48.866978,61.223077,2023-10-21,38.0,Builder,9,,Invalid total_price,dataset_3_real_estate_RE_Combined_Data_cleaned.csv
D69630108,Apartment,Mira Road And Beyond,,Yes,Owner,3.0,,1,0.0,Unknown,North,5,1,11,Sk Imperial Garden,0.0,0.0,0,1121209.0,,,,74.3224,74.3224,2023-10-10,38.0,Builder,6,,Invalid total_price,dataset_3_real_estate_RE_Combined_Data_cleaned.csv
E69630106,Apartment,Mira Road And Beyond,,Yes,Owner,2.0,,1,0.0,Unknown,North,5,1,11,Sk Imperial Garden,0.0,0.0,0,1121209.0,,,,57.59986,57.59986,2023-10-10,38.0,Builder,6,,Invalid total_price,dataset_3_real_estate_RE_Combined_Data_cleaned.csv
N69375626,Apartment,Mumbai South West,,Yes,Owner,4.0,,1,0.0,Unknown,North,5,1,20,Raheja Park West,0.0,0.0,0,1075507.0,,,,160.907996,160.907996,2023-08-28,38.0,Builder,13,,Invalid total_price,dataset_3_real_estate_RE_Combined_Data_cleaned.csv
P69375624,Apartment,Mumbai South West,,Yes,Owner,3.0,,1,0.0,Unknown,North,5,1,20,Raheja Park West,0.0,0.0,0,1075507.0,,,,114.084884,128.484849,2023-08-28,38.0,Builder,13,,Invalid total_price,dataset_3_real_estate_RE_Combined_Data_cleaned.csv
V68138978,Apartment,Mira Road And Beyond,,Yes,Owner,3.0,,1,0.0,Unknown,North,5,1,21,Sudama Vallabh,0.0,0.0,0,1056074.0,,,,98.105568,98.105568,2023-09-19,38.0,Builder,7,,Invalid total_price,dataset_3_real_estate_RE_Combined_Data_cleaned.csv
U68138976,Apartment,Mira Road And Beyond,,Yes,Owner,2.0,,1,0.0,Unknown,North,5,1,21,Sudama Vallabh,0.0,0.0,0,1056074.0,,,,51.282456,78.874647,2023-09-19,38.0,Builder,7,,Invalid total_price,dataset_3_real_estate_RE_Combined_Data_cleaned.csv
V67920284,Apartment,Thane,,Yes,Owner,2.0,,1,0.0,Unknown,North,5,1,7,Sudama Regency,0.0,0.0,0,26842.0,,,,47.659239,47.659239,2023-09-12,38.0,Builder,12,,Invalid total_price,dataset_3_real_estate_RE_Combined_Data_cleaned.csv
W67920282,Apartment,Thane,,Yes,Owner,1.0,,1,0.0,Unknown,North,5,1,7,Sudama Regency,0.0,0.0,0,26842.0,,,,35.024431,35.953461,2023-09-12,38.0,Builder,12,,Invalid total_price,dataset_3_real_estate_RE_Combined_Data_cleaned.csv
A68621854,Apartment,Thane,,Yes,Owner,2.0,,1,0.0,Unknown,North,5,1,42,Raymond Realty Ten X Habitat,0.0,0.0,0,867674.0,,,,58.993405,58.993405,2023-10-16,38.0,Dealer,12,,Invalid total_price,dataset_3_real_estate_RE_Combined_Data_cleaned.csv
B70996994,Apartment,Mira Road And Beyond,,Yes,Owner,4.0,,1,0.0,Unknown,North,5,1,34,Srishti Namaah,0.0,0.0,0,1057968.0,,,,153.475756,153.475756,2023-10-03,38.0,Builder,11,,Invalid total_price,dataset_3_real_estate_RE_Combined_Data_cleaned.csv
U68619294,Apartment,Mumbai Harbour,,Yes,Owner,3.0,,1,0.0,Unknown,North,5,1,40,Lodha New Cuffe Parade,0.0,0.0,0,12502.0,,,,124.118408,153.754465,2023-10-16,38.0,Dealer,15,,Invalid total_price,dataset_3_real_estate_RE_Combined_Data_cleaned.csv
U68476762,Apartment,Central Mumbai Suburbs,,Yes,Owner,2.0,,1,0.0,Unknown,North,5,1,20,Dns Anuutham,0.0,0.0,0,1097414.0,,,,74.694012,79.524968,2023-09-16,38.0,Dealer,50,,Invalid total_price,dataset_3_real_estate_RE_Combined_Data_cleaned.csv
G70405770,Apartment,Mumbai Beyond Thane,,Yes,Owner,2.0,,1,0.0,Unknown,North,5,1,21,Godrej Nirvaan,0.0,0.0,0,1013984.0,,,,53.605031,62.709525,2023-09-10,38.0,Dealer,15,,Invalid total_price,dataset_3_real_estate_RE_Combined_Data_cleaned.csv
H70405766,Apartment,Mumbai Beyond Thane,,Yes,Owner,1.0,,1,0.0,Unknown,North,5,1,21,Godrej Nirvaan,0.0,0.0,0,1013984.0,,,,3.437411,42.828283,2023-09-10,38.0,Dealer,15,,Invalid total_price,dataset_3_real_estate_RE_Combined_Data_cleaned.csv
D70949584,Apartment,Navi Mumbai,,Yes,Owner,2.0,,1,0.0,Unknown,North,5,1,20,Satyam Alliaance Icon,0.0,0.0,0,1084293.0,,,,71.53531,71.53531,2023-09-21,38.0,Dealer,38,,Invalid total_price,dataset_3_real_estate_RE_Combined_Data_cleaned.csv
W70624748,Apartment,Central Mumbai Suburbs,,Yes,Owner,2.0,,1,0.0,Unknown,North,5,1,22,Shikara Heights,0.0,0.0,0,1076749.0,,,,48.495366,55.370188,2023-11-02,38.0,Dealer,12,,Invalid total_price,dataset_3_real_estate_RE_Combined_Data_cleaned.csv
E70624746,Apartment,Central Mumbai Suburbs,,Yes,Owner,1.0,,1,0.0,Unknown,North,5,1,22,Shikara Heights,0.0,0.0,0,1076749.0,,,,34.838625,34.838625,2023-11-02,38.0,Dealer,12,,Invalid total_price,dataset_3_real_estate_RE_Combined_Data_cleaned.csv
K70624714,Apartment,Mumbai Beyond Thane,,Yes,Owner,2.0,,1,0.0,Unknown,North,6,1,13,Empire Centrum,0.0,0.0,0,379733.0,,,,48.866978,61.223077,2023-11-02,38.0,Dealer,9,,Invalid total_price,dataset_3_real_estate_RE_Combined_Data_cleaned.csv
B70624712,Apartment,Mumbai Beyond Thane,,Yes,Owner,1.0,,1,0.0,Unknown,North,6,1,13,Empire Centrum,0.0,0.0,0,379733.0,,,,36.510879,36.510879,2023-11-02,38.0,Dealer,9,,Invalid total_price,dataset_3_real_estate_RE_Combined_Data_cleaned.csv
L70612540,Apartment,Mumbai Andheri-Dahisar,,Yes,Owner,2.0,,1,0.0,Unknown,North,5,1,20,Gurukrupa Shiv Sagar,0.0,0.0,0,276177.0,,,,49.424396,63.359846,2023-11-02,38.0,Dealer,49,,Invalid total_price,dataset_3_real_estate_RE_Combined_Data_cleaned.csv
Z70612538,Apartment,Mumbai Andheri-Dahisar,,Yes,Owner,1.0,,1,0.0,Unknown,North,5,1,20,Gurukrupa Shiv Sagar,0.0,0.0,0,276177.0,,,,32.794759,37.439909,2023-11-02,38.0,Dealer,49,,Invalid total_price,dataset_3_real_estate_RE_Combined_Data_cleaned.csv
B70611848,Apartment,Mumbai South West,,Yes,Owner,3.0,,1,0.0,Unknown,North,5,1,11,Kolte Alora,0.0,0.0,0,1101160.0,,,,79.89658,103.215233,2023-11-02,38.0,Dealer,10,,Invalid total_price,dataset_3_real_estate_RE_Combined_Data_cleaned.csv
K70611846,Apartment,Mumbai South West,,Yes,Owner,2.0,,1,0.0,Unknown,North,5,1,11,Kolte Alora,0.0,0.0,0,1101160.0,,,,60.38695,73.486273,2023-11-02,38.0,Dealer,10,,Invalid total_price,dataset_3_real_estate_RE_Combined_Data_cleaned.csv
F70299642,Apartment,Mira Road And Beyond,,Yes,Owner,5.0,,1,0.0,Unknown,North,5,1,20,Ghanshyam Canary,0.0,0.0,0,1088396.0,,,,255.48325,380.9023,2023-10-16,38.0,Builder,49,,Invalid total_price,dataset_3_real_estate_RE_Combined_Data_cleaned.csv
Z70299640,Apartment,Mira Road And Beyond,,Yes,Owner,4.0,,1,0.0,Unknown,North,5,1,20,Ghanshyam Canary,0.0,0.0,0,1088396.0,,,,241.5478,380.9023,2023-10-16,38.0,Builder,49,,Invalid total_price,dataset_3_real_estate_RE_Combined_Data_cleaned.csv
U70443744,Apartment,Mumbai Beyond Thane,,Yes,Owner,2.0,,1,0.0,Unknown,North,5,1,7,Sai Samruddhi,0.0,0.0,0,1121368.0,,,,51.09665,51.09665,2023-08-25,38.0,Dealer,49,,Invalid total_price,dataset_3_real_estate_RE_Combined_Data_cleaned.csv
Z70443742,Apartment,Mumbai Beyond Thane,,Yes,Owner,1.0,,1,0.0,Unknown,North,5,1,7,Sai Samruddhi,0.0,0.0,0,1121368.0,,,,32.980565,44.59344,2023-08-25,38.0,Dealer,49,,Invalid total_price,dataset_3_real_estate_RE_Combined_Data_cleaned.csv
H68391650,Apartment,Thane,,Yes,Owner,3.0,,1,0.0,Unknown,North,6,1,26,Dosti Desire,0.0,0.0,0,444923.0,,,,80.268192,80.268192,2023-09-16,38.0,Dealer,5,,Invalid total_price,dataset_3_real_estate_RE_Combined_Data_cleaned.csv
G68391648,Apartment,Thane,,Yes,Owner,2.0,,1,0.0,Unknown,North,6,1,26,Dosti Desire,0.0,0.0,0,444923.0,,,,52.861807,72.650146,2023-09-16,38.0,Dealer,5,,Invalid total_price,dataset_3_real_estate_RE_Combined_Data_cleaned.csv
C68391646,Apartment,Thane,,Yes,Owner,1.0,,1,0.0,Unknown,North,6,1,26,Dosti Desire,0.0,0.0,0,444923.0,,,,25.919937,48.123754,2023-09-16,38.0,Dealer,5,,Invalid total_price,dataset_3_real_estate_RE_Combined_Data_cleaned.csv
L68391402,Apartment,Thane,,Yes,Owner,3.0,,1,0.0,Unknown,North,5,1,30,The Icon By Risland,0.0,0.0,0,805769.0,,,,95.782993,95.782993,2023-09-16,38.0,Dealer,15,,Invalid total_price,dataset_3_real_estate_RE_Combined_Data_cleaned.csv
Z68391400,Apartment,Thane,,Yes,Owner,2.0,,1,0.0,Unknown,North,5,1,30,The Icon By Risland,0.0,0.0,0,805769.0,,,,62.523719,63.17404,2023-09-16,38.0,Dealer,15,,Invalid total_price,dataset_3_real_estate_RE_Combined_Data_cleaned.csv
Z68391398,Apartment,Thane,,Yes,Owner,1.0,,1,0.0,Unknown,North,5,1,30,The Icon By Risland,0.0,0.0,0,805769.0,,,,41.713447,41.713447,2023-09-16,38.0,Dealer,15,,Invalid total_price,dataset_3_real_estate_RE_Combined_Data_cleaned.csv
M70339810,Apartment,Mumbai Harbour,,Yes,Owner,2.0,,1,0.0,Unknown,North,5,1,16,Godrej Rks,0.0,0.0,0,1032174.0,,,,49.888911,49.888911,2023-09-10,38.0,Dealer,15,,Invalid total_price,dataset_3_real_estate_RE_Combined_Data_cleaned.csv
K71005914,Apartment,South Mumbai,,Yes,Owner,5.0,,1,0.0,Unknown,North,5,1,66,Raheja The Riviere Worli Skyline,0.0,0.0,0,1121373.0,,,,179.860208,179.860208,2023-09-24,38.0,Dealer,11,,Invalid total_price,dataset_3_real_estate_RE_Combined_Data_cleaned.csv
X71003872,Apartment,Mira Road And Beyond,,Yes,Owner,1.0,,1,0.0,Unknown,North,5,1,22,Unique Poonam Sky City,0.0,0.0,0,1078990.0,,,,26.01284,33.723789,2023-09-24,38.0,Dealer,15,,Invalid total_price,dataset_3_real_estate_RE_Combined_Data_cleaned.csv
A70493196,Apartment,South Mumbai,,Yes,Owner,1.0,,1,0.0,Unknown,North,5,1,26,Sitesh Pearl Heights,0.0,0.0,0,1066177.0,,,,29.914766,49.23859,2023-09-23,38.0,Dealer,13,,Invalid total_price,dataset_3_real_estate_RE_Combined_Data_cleaned.csv
Z70441920,Apartment,Mumbai Harbour,,Yes,Owner,3.0,,1,0.0,Unknown,North,5,1,40,Lodha New Cuffe Parade,0.0,0.0,0,12502.0,,,,102.1933,102.1933,2023-08-25,38.0,Dealer,15,,Invalid total_price,dataset_3_real_estate_RE_Combined_Data_cleaned.csv
Y69174154,Apartment,Thane,,Yes,Owner,3.0,,1,0.0,Unknown,North,6,1,32,Hiranandani Rodas Enclave Phillipa,0.0,0.0,0,494731.0,,,,171.406035,176.051185,2023-09-30,38.0,Dealer,15,,Invalid total_price,dataset_3_real_estate_RE_Combined_Data_cleaned.csv
D69174140,Apartment,Thane,,Yes,Owner,3.0,,1,0.0,Unknown,North,6,1,25,Hiranandani Rodas Enclave Rosehill,0.0,0.0,0,316415.0,,,,119.101646,125.604856,2023-09-30,38.0,Dealer,50,,Invalid total_price,dataset_3_real_estate_RE_Combined_Data_cleaned.csv
J68476794,Apartment,South Mumbai,,Yes,Owner,3.0,,1,0.0,Unknown,North,5,1,20,Rigved Windsong,0.0,0.0,0,1085201.0,,,,79.9894829999999,91.788164,2023-09-16,38.0,Dealer,50,,Invalid total_price,dataset_3_real_estate_RE_Combined_Data_cleaned.csv
Y68476792,Apartment,South Mumbai,,Yes,Owner,2.0,,1,0.0,Unknown,North,5,1,20,Rigved Windsong,0.0,0.0,0,1085201.0,,,,65.96113,68.190802,2023-09-16,38.0,Dealer,50,,Invalid total_price,dataset_3_real_estate_RE_Combined_Data_cleaned.csv
Y68475594,Apartment,South Mumbai,,Yes,Owner,3.0,,1,0.0,Unknown,North,5,1,20,Uct Unique Exotica,0.0,0.0,0,1072665.0,,,,10.21933,10.21933,2023-09-16,38.0,Dealer,50,,Invalid total_price,dataset_3_real_estate_RE_Combined_Data_cleaned.csv
M68475592,Apartment,South Mumbai,,Yes,Owner,2.0,,1,0.0,Unknown,North,5,1,20,Uct Unique Exotica,0.0,0.0,0,1072665.0,,,,7.989658,7.989658,2023-09-16,38.0,Dealer,50,,Invalid total_price,dataset_3_real_estate_RE_Combined_Data_cleaned.csv
C68228854,Apartment,South Mumbai,,Yes,Owner,3.0,,1,0.0,Unknown,North,6,1,20,Bhavya Heights,0.0,0.0,0,298039.0,,,,171.87055,171.87055,2023-09-16,38.0,Dealer,50,,Invalid total_price,dataset_3_real_estate_RE_Combined_Data_cleaned.csv
H68228852,Apartment,South Mumbai,,Yes,Owner,2.0,,1,0.0,Unknown,North,6,1,20,Bhavya Heights,0.0,0.0,0,298039.0,,,,116.12875,116.12875,2023-09-16,38.0,Dealer,50,,Invalid total_price,dataset_3_real_estate_RE_Combined_Data_cleaned.csv
B68228126,Apartment,Mumbai Harbour,,Yes,Owner,3.0,,1,0.0,Unknown,North,6,1,32,Sunshine Infinity,0.0,0.0,0,58088.0,,,,209.03175,209.03175,2023-09-16,38.0,Dealer,50,,Invalid total_price,dataset_3_real_estate_RE_Combined_Data_cleaned.csv
P68228122,Apartment,Mumbai Harbour,,Yes,Owner,2.0,,1,0.0,Unknown,North,6,1,32,Sunshine Infinity,0.0,0.0,0,58088.0,,,,130.0642,130.0642,2023-09-16,38.0,Dealer,50,,Invalid total_price,dataset_3_real_estate_RE_Combined_Data_cleaned.csv
B68228102,Apartment,South Mumbai,,Yes,Owner,3.0,,1,0.0,Unknown,North,5,1,18,Sam Bhoomi Life 1,0.0,0.0,0,517341.0,,,,174.100222,177.44473,2023-09-16,38.0,Dealer,50,,Invalid total_price,dataset_3_real_estate_RE_Combined_Data_cleaned.csv
C68228100,Apartment,South Mumbai,,Yes,Owner,2.0,,1,0.0,Unknown,North,5,1,18,Sam Bhoomi Life 1,0.0,0.0,0,517341.0,,,,57.878569,57.878569,2023-09-16,38.0,Dealer,50,,Invalid total_price,dataset_3_real_estate_RE_Combined_Data_cleaned.csv
D69369006,Apartment,Central Mumbai Suburbs,,Yes,Owner,1.0,,1,0.0,Unknown,North,5,1,47,Atmosphere O2,0.0,0.0,0,121319.0,,,,60.108241,60.108241,2023-08-31,38.0,Dealer,13,,Invalid total_price,dataset_3_real_estate_RE_Combined_Data_cleaned.csv
D70682524,Apartment,Navi Mumbai,,Yes,Owner,3.0,,1,0.0,Unknown,North,5,1,38,Golden Willows Hiranandani Fortune City,0.0,0.0,0,1111382.0,,,,98.848792,98.848792,2023-11-02,38.0,Dealer,6,,Invalid total_price,dataset_3_real_estate_RE_Combined_Data_cleaned.csv
W70682518,Apartment,Navi Mumbai,,Yes,Owner,1.0,,1,0.0,Unknown,North,5,1,38,Golden Willows Hiranandani Fortune City,0.0,0.0,0,1111382.0,,,,41.899253,41.899253,2023-11-02,38.0,Dealer,6,,Invalid total_price,dataset_3_real_estate_RE_Combined_Data_cleaned.csv
M70677492,Apartment,Mumbai Andheri-Dahisar,,Yes,Owner,2.0,,1,0.0,Unknown,North,5,1,20,Mittal Cove,0.0,0.0,0,507691.0,,,,59.45792,59.45792,2023-09-07,38.0,Dealer,47,,Invalid total_price,dataset_3_real_estate_RE_Combined_Data_cleaned.csv
Z70095222,Apartment,Thane,,Yes,Owner,4.0,,1,0.0,Unknown,North,6,1,19,Kalpataru Hills,0.0,0.0,0,4172.0,,,,162.858959,216.371087,2023-09-06,38.0,Dealer,15,,Invalid total_price,dataset_3_real_estate_RE_Combined_Data_cleaned.csv
O70095220,Apartment,Thane,,Yes,Owner,3.0,,1,0.0,Unknown,North,6,1,19,Kalpataru Hills,0.0,0.0,0,4172.0,,,,82.776573,173.542804,2023-09-06,38.0,Dealer,15,,Invalid total_price,dataset_3_real_estate_RE_Combined_Data_cleaned.csv
P70095214,Apartment,Thane,,Yes,Owner,2.0,,1,0.0,Unknown,North,6,1,19,Kalpataru Hills,0.0,0.0,0,4172.0,,,,55.555994,81.847543,2023-09-06,38.0,Dealer,15,,Invalid total_price,dataset_3_real_estate_RE_Combined_Data_cleaned.csv
G70624728,Apartment,Mumbai Andheri-Dahisar,,Yes,Owner,4.0,,1,0.0,Unknown,North,5,1,41,Gajanan Paradigm Antalya,0.0,0.0,0,898949.0,,,,100.985561,100.985561,2023-11-02,38.0,Dealer,15,,Invalid total_price,dataset_3_real_estate_RE_Combined_Data_cleaned.csv
X70624726,Apartment,Mumbai Andheri-Dahisar,,Yes,Owner,3.0,,1,0.0,Unknown,North,5,1,41,Gajanan Paradigm Antalya,0.0,0.0,0,898949.0,,,,83.6127,83.6127,2023-11-02,38.0,Dealer,15,,Invalid total_price,dataset_3_real_estate_RE_Combined_Data_cleaned.csv
N70624724,Apartment,Mumbai Andheri-Dahisar,,Yes,Owner,2.0,,1,0.0,Unknown,North,5,1,41,Gajanan Paradigm Antalya,0.0,0.0,0,898949.0,,,,47.845045,60.201144,2023-11-02,38.0,Dealer,15,,Invalid total_price,dataset_3_real_estate_RE_Combined_Data_cleaned.csv
E70624722,Apartment,Mumbai Andheri-Dahisar,,Yes,Owner,1.0,,1,0.0,Unknown,North,5,1,41,Gajanan Paradigm Antalya,0.0,0.0,0,898949.0,,,,32.51605,34.281207,2023-11-02,38.0,Dealer,15,,Invalid total_price,dataset_3_real_estate_RE_Combined_Data_cleaned.csv
C70624692,Apartment,Thane,,Yes,Owner,2.0,,1,0.0,Unknown,North,5,1,31,Puraniks Grand Central,0.0,0.0,0,520091.0,,,,42.828283,62.523719,2023-11-02,38.0,Dealer,9,,Invalid total_price,dataset_3_real_estate_RE_Combined_Data_cleaned.csv
C70624690,Apartment,Thane,,Yes,Owner,1.0,,1,0.0,Unknown,North,5,1,31,Puraniks Grand Central,0.0,0.0,0,520091.0,,,,31.958632,46.730209,2023-11-02,38.0,Dealer,9,,Invalid total_price,dataset_3_real_estate_RE_Combined_Data_cleaned.csv
B70446114,Apartment,Central Mumbai Suburbs,,Yes,Owner,3.0,,1,0.0,Unknown,North,5,1,21,The Views By Adani Realty,0.0,0.0,0,1066849.0,,,,86.306887,94.946866,2023-10-02,38.0,Dealer,6,,Invalid total_price,dataset_3_real_estate_RE_Combined_Data_cleaned.csv
V70446110,Apartment,Central Mumbai Suburbs,,Yes,Owner,2.0,,1,0.0,Unknown,North,5,1,21,The Views By Adani Realty,0.0,0.0,0,1066849.0,,,,51.561165,88.536559,2023-10-02,38.0,Dealer,6,,Invalid total_price,dataset_3_real_estate_RE_Combined_Data_cleaned.csv
A65379964,Villa/Independent House,Navi Mumbai,,Yes,Renter,2.0,,0,0.0,Semifurnished,Other,3,1,2,Prathamesh Paras Chs,4000.0,4000.0,0,385215.0,,,,743.224,743.224,2023-10-17,4000.0,Owner,50,,Invalid total_price,dataset_3_real_estate_RE_Combined_Data_cleaned.csv
O68179930,Apartment,Mumbai Andheri-Dahisar,,Yes,Renter,1.0,,1,0.0,Unfurnished,South-West,3,6,8,Chatrapati Shivaji Raje Complex,5000.0,5000.0,0,74348.0,,,,5016.762,5016.762,2023-09-16,5000.0,Owner,50,,Invalid total_price,dataset_3_real_estate_RE_Combined_Data_cleaned.csv
F70266696,Apartment,Thane,,Yes,Renter,3.0,,0,0.0,Semifurnished,North,1,1,3,Kings Dormitory,500.0,500.0,0,0.0,,,,278.709,278.709,2023-09-15,500.0,Owner,49,,Invalid total_price,dataset_3_real_estate_RE_Combined_Data_cleaned.csv
C70683400,Apartment,Mumbai Andheri-Dahisar,,Yes,Owner,2.0,,1,0.0,Unknown,North,5,1,23,Darshan Paton Towers,0.0,0.0,0,1089049.0,,,,30.007669,30.007669,2023-09-07,38.0,Dealer,48,,Invalid total_price,dataset_3_real_estate_RE_Combined_Data_cleaned.csv
N70683398,Apartment,Mumbai Andheri-Dahisar,,Yes,Owner,1.0,,1,0.0,Unknown,North,5,1,23,Darshan Paton Towers,0.0,0.0,0,1089049.0,,,,30.007669,30.007669,2023-09-07,38.0,Dealer,48,,Invalid total_price,dataset_3_real_estate_RE_Combined_Data_cleaned.csv
A70825564,Apartment,Mumbai South West,,Yes,Owner,4.0,,1,0.0,Unknown,North,5,1,4,K Raheja Maestro,0.0,0.0,0,1121318.0,,,,244.149084,293.57348,2023-09-15,38.0,Dealer,12,,Invalid total_price,dataset_3_real_estate_RE_Combined_Data_cleaned.csv
D70825562,Apartment,Mumbai South West,,Yes,Owner,3.0,,1,0.0,Unknown,North,5,1,20,K Raheja Valletta,0.0,0.0,0,1090404.0,,,,175.679573,312.897304,2023-09-15,38.0,Dealer,50,,Invalid total_price,dataset_3_real_estate_RE_Combined_Data_cleaned.csv
L70064178,Apartment,Navi Mumbai,,Yes,Owner,2.0,,1,0.0,Unknown,North,5,1,16,Today Global Codename Belle Vue,0.0,0.0,0,1097227.0,,,,50.539232,53.326322,2023-09-16,38.0,Dealer,1,,Invalid total_price,dataset_3_real_estate_RE_Combined_Data_cleaned.csv
S70064176,Apartment,Navi Mumbai,,Yes,Owner,1.0,,1,0.0,Unknown,North,5,1,16,Today Global Codename Belle Vue,0.0,0.0,0,1097227.0,,,,35.210237,37.532812,2023-09-16,38.0,Dealer,1,,Invalid total_price,dataset_3_real_estate_RE_Combined_Data_cleaned.csv
S70583306,Apartment,Central Mumbai Suburbs,,Yes,Owner,2.0,,1,0.0,Unknown,North,5,1,20,Raveshia Aryana Heights,0.0,0.0,0,1076913.0,,,,50.260523,62.430816,2023-09-02,38.0,Dealer,49,,Invalid total_price,dataset_3_real_estate_RE_Combined_Data_cleaned.csv
F68476808,Apartment,South Mumbai,,Yes,Owner,3.0,,1,0.0,Unknown,North,5,1,20,Jairaj Jade Avenue,0.0,0.0,0,1072638.0,,,,94.203642,123.56099,2023-09-16,38.0,Dealer,50,,Invalid total_price,dataset_3_real_estate_RE_Combined_Data_cleaned.csv
S68476806,Apartment,South Mumbai,,Yes,Owner,2.0,,1,0.0,Unknown,North,5,1,20,Jairaj Jade Avenue,0.0,0.0,0,1072638.0,,,,75.065624,75.25143,2023-09-16,38.0,Dealer,50,,Invalid total_price,dataset_3_real_estate_RE_Combined_Data_cleaned.csv
T68476804,Apartment,South Mumbai,,Yes,Owner,1.0,,1,0.0,Unknown,North,5,1,20,Jairaj Jade Avenue,0.0,0.0,0,1072638.0,,,,41.063126,74.3224,2023-09-16,38.0,Dealer,50,,Invalid total_price,dataset_3_real_estate_RE_Combined_Data_cleaned.csv
N68230508,Apartment,South Mumbai,,Yes,Owner,3.0,,1,0.0,Unknown,North,6,1,19,Dvk El Mejor,0.0,0.0,0,528383.0,,,,101.728785,148.458994,2023-09-16,38.0,Dealer,49,,Invalid total_price,dataset_3_real_estate_RE_Combined_Data_cleaned.csv
J68230506,Apartment,South Mumbai,,Yes,Owner,2.0,,1,0.0,Unknown,North,6,1,19,Dvk El Mejor,0.0,0.0,0,528383.0,,,,54.441158,80.546901,2023-09-16,38.0,Dealer,49,,Invalid total_price,dataset_3_real_estate_RE_Combined_Data_cleaned.csv
S68230504,Apartment,South Mumbai,,Yes,Owner,1.0,,1,0.0,Unknown,North,6,1,19,Dvk El Mejor,0.0,0.0,0,528383.0,,,,46.358597,54.069546,2023-09-16,38.0,Dealer,49,,Invalid total_price,dataset_3_real_estate_RE_Combined_Data_cleaned.csv
B68230480,Apartment,Mumbai Harbour,,Yes,Owner,3.0,,1,0.0,Unknown,North,5,1,29,Dignity Bayview,0.0,0.0,0,1096599.0,,,,97.641053,97.641053,2023-09-16,38.0,Dealer,8,,Invalid total_price,dataset_3_real_estate_RE_Combined_Data_cleaned.csv
X68230478,Apartment,Mumbai Harbour,,Yes,Owner,2.0,,1,0.0,Unknown,North,5,1,29,Dignity Bayview,0.0,0.0,0,1096599.0,,,,65.310809,72.835952,2023-09-16,38.0,Dealer,8,,Invalid total_price,dataset_3_real_estate_RE_Combined_Data_cleaned.csv
P68230476,Apartment,Mumbai Harbour,,Yes,Owner,1.0,,1,0.0,Unknown,North,5,1,29,Dignity Bayview,0.0,0.0,0,1096599.0,,,,32.423147,35.30314,2023-09-16,38.0,Dealer,8,,Invalid total_price,dataset_3_real_estate_RE_Combined_Data_cleaned.csv
K68229876,Apartment,South Mumbai,,Yes,Owner,4.0,,1,0.0,Unknown,North,6,1,9,Hubtown Heaven,0.0,0.0,0,412202.0,,,,91.881067,91.881067,2023-09-16,38.0,Dealer,50,,Invalid total_price,dataset_3_real_estate_RE_Combined_Data_cleaned.csv
P68229874,Apartment,South Mumbai,,Yes,Owner,3.0,,1,0.0,Unknown,North,6,1,9,Hubtown Heaven,0.0,0.0,0,412202.0,,,,78.224326,78.595938,2023-09-16,38.0,Dealer,50,,Invalid total_price,dataset_3_real_estate_RE_Combined_Data_cleaned.csv
D68229872,Apartment,South Mumbai,,Yes,Owner,2.0,,1,0.0,Unknown,North,6,1,9,Hubtown Heaven,0.0,0.0,0,412202.0,,,,57.414054,59.086308,2023-09-16,38.0,Dealer,50,,Invalid total_price,dataset_3_real_estate_RE_Combined_Data_cleaned.csv
M71003842,Apartment,Mira Road And Beyond,,Yes,Owner,2.0,,1,0.0,Unknown,North,6,1,14,Laxmi Avenue D Global City,0.0,0.0,0,7618.0,,,,45.708276,59.45792,2023-09-24,38.0,Dealer,3,,Invalid total_price,dataset_3_real_estate_RE_Combined_Data_cleaned.csv
X71003840,Apartment,Mira Road And Beyond,,Yes,Owner,1.0,,1,0.0,Unknown,North,6,1,14,Laxmi Avenue D Global City,0.0,0.0,0,7618.0,,,,37.068297,49.145687,2023-09-24,38.0,Dealer,3,,Invalid total_price,dataset_3_real_estate_RE_Combined_Data_cleaned.csv
F70890620,Apartment,Mumbai Andheri-Dahisar,,Yes,Owner,2.0,,1,0.0,Unknown,North,5,1,40,Oyster Living Divino,0.0,0.0,0,292159.0,,,,83.6127,83.6127,2023-09-18,38.0,Dealer,4,,Invalid total_price,dataset_3_real_estate_RE_Combined_Data_cleaned.csv
Y70890618,Apartment,Mumbai Andheri-Dahisar,,Yes,Owner,1.0,,1,0.0,Unknown,North,5,1,40,Oyster Living Divino,0.0,0.0,0,292159.0,,,,55.7418,55.7418,2023-09-18,38.0,Dealer,4,,Invalid total_price,dataset_3_real_estate_RE_Combined_Data_cleaned.csv
C70493214,Apartment,South Mumbai,,Yes,Owner,3.0,,1,0.0,Unknown,North,5,1,20,Shri Ratan Address,0.0,0.0,0,1073122.0,,,,88.072044,89.093977,2023-09-23,38.0,Dealer,49,,Invalid total_price,dataset_3_real_estate_RE_Combined_Data_cleaned.csv
E70493212,Apartment,South Mumbai,,Yes,Owner,2.0,,1,0.0,Unknown,North,5,1,20,Shri Ratan Address,0.0,0.0,0,1073122.0,,,,61.780495,63.452749,2023-09-23,38.0,Dealer,49,,Invalid total_price,dataset_3_real_estate_RE_Combined_Data_cleaned.csv
Z68475556,Apartment,South Mumbai,,Yes,Owner,3.0,,1,0.0,Unknown,North,5,1,20,Mehta Techno Kalpana,0.0,0.0,0,1093738.0,,,,83.984312,96.061702,2023-09-16,38.0,Dealer,50,,Invalid total_price,dataset_3_real_estate_RE_Combined_Data_cleaned.csv
A68475554,Apartment,South Mumbai,,Yes,Owner,2.0,,1,0.0,Unknown,North,5,1,20,Mehta Techno Kalpana,0.0,0.0,0,1093738.0,,,,78.781744,78.781744,2023-09-16,38.0,Dealer,50,,Invalid total_price,dataset_3_real_estate_RE_Combined_Data_cleaned.csv
Q69690410,Apartment,Central Mumbai Suburbs,,Yes,Owner,2.0,,1,0.0,Unknown,North,6,1,20,Hiranandani Torino,0.0,0.0,0,23844.0,,,,109.62554,109.62554,2023-09-16,38.0,Dealer,48,,Invalid total_price,dataset_3_real_estate_RE_Combined_Data_cleaned.csv
H69688986,Apartment,Central Mumbai Suburbs,,Yes,Owner,2.0,,1,0.0,Unknown,North,6,1,29,Hiranandani Odyssey,0.0,0.0,0,23772.0,,,,120.7739,120.7739,2023-09-16,38.0,Dealer,50,,Invalid total_price,dataset_3_real_estate_RE_Combined_Data_cleaned.csv
K70444824,Apartment,Central Mumbai Suburbs,,Yes,Owner,3.0,,1,0.0,Unknown,North,6,1,22,Kanakia Zen World,0.0,0.0,0,461957.0,,,,77.945617,89.093977,2023-10-02,38.0,Dealer,15,,Invalid total_price,dataset_3_real_estate_RE_Combined_Data_cleaned.csv
Z70444820,Apartment,Central Mumbai Suburbs,,Yes,Owner,2.0,,1,0.0,Unknown,North,6,1,22,Kanakia Zen World,0.0,0.0,0,461957.0,,,,51.561165,70.513377,2023-10-02,38.0,Dealer,15,,Invalid total_price,dataset_3_real_estate_RE_Combined_Data_cleaned.csv
O70444816,Apartment,Central Mumbai Suburbs,,Yes,Owner,1.0,,1,0.0,Unknown,North,6,1,22,Kanakia Zen World,0.0,0.0,0,461957.0,,,,37.1612,47.38053,2023-10-02,38.0,Dealer,15,,Invalid total_price,dataset_3_real_estate_RE_Combined_Data_cleaned.csv
Y70422994,Apartment,Mumbai Harbour,,Yes,Owner,3.0,,1,0.0,Unknown,North,5,1,20,V Laxmi Queens Park,0.0,0.0,0,1094792.0,,,,83.705603,83.705603,2023-10-02,38.0,Dealer,49,,Invalid total_price,dataset_3_real_estate_RE_Combined_Data_cleaned.csv
D70422990,Apartment,Mumbai Harbour,,Yes,Owner,2.0,,1,0.0,Unknown,North,5,1,20,V Laxmi Queens Park,0.0,0.0,0,1094792.0,,,,59.550823,65.496615,2023-10-02,38.0,Dealer,49,,Invalid total_price,dataset_3_real_estate_RE_Combined_Data_cleaned.csv
Z70422988,Apartment,Mumbai Harbour,,Yes,Owner,1.0,,1,0.0,Unknown,North,5,1,20,V Laxmi Queens Park,0.0,0.0,0,1094792.0,,,,38.368939,38.647648,2023-10-02,38.0,Dealer,49,,Invalid total_price,dataset_3_real_estate_RE_Combined_Data_cleaned.csv
U70962130,Apartment,Mumbai Andheri-Dahisar,,Yes,Owner,1.0,,1,0.0,Unknown,North,5,1,23,Shraddha Amaan Heights,0.0,0.0,0,1103646.0,,,,29.450251,29.72896,2023-09-22,38.0,Dealer,12,,Invalid total_price,dataset_3_real_estate_RE_Combined_Data_cleaned.csv
F70962122,Apartment,Mumbai Andheri-Dahisar,,Yes,Owner,2.0,,1,0.0,Unknown,North,5,1,34,Sheth 72 West,0.0,0.0,0,1054691.0,,,,72.743049,77.759811,2023-09-22,38.0,Dealer,10,,Invalid total_price,dataset_3_real_estate_RE_Combined_Data_cleaned.csv
J70826524,Apartment,Central Mumbai Suburbs,,Yes,Owner,2.0,,1,0.0,Unknown,North,5,1,17,Advait Bliss,0.0,0.0,0,1101193.0,,,,54.534061,54.534061,2023-09-15,38.0,Dealer,50,,Invalid total_price,dataset_3_real_estate_RE_Combined_Data_cleaned.csv
W70826522,Apartment,Central Mumbai Suburbs,,Yes,Owner,1.0,,1,0.0,Unknown,North,5,1,17,Advait Bliss,0.0,0.0,0,1101193.0,,,,40.970223,40.970223,2023-09-15,38.0,Dealer,50,,Invalid total_price,dataset_3_real_estate_RE_Combined_Data_cleaned.csv
O71014408,Apartment,Navi Mumbai,,Yes,Owner,3.0,,1,0.0,Unknown,North,5,1,20,Satyam Altura,0.0,0.0,0,1104426.0,,,,120.402288,120.402288,2023-09-24,38.0,Dealer,47,,Invalid total_price,dataset_3_real_estate_RE_Combined_Data_cleaned.csv
I71014406,Apartment,Navi Mumbai,,Yes,Owner,2.0,,1,0.0,Unknown,North,5,1,20,Satyam Altura,0.0,0.0,0,1104426.0,,,,65.310809,68.190802,2023-09-24,38.0,Dealer,47,,Invalid total_price,dataset_3_real_estate_RE_Combined_Data_cleaned.csv
P70842528,Apartment,South Mumbai,,Yes,Owner,3.0,,1,0.0,Unknown,North,6,1,21,Johaan Signature Isle,0.0,0.0,0,1001119.0,,,,131.736454,131.736454,2023-09-15,38.0,Dealer,9,,Invalid total_price,dataset_3_real_estate_RE_Combined_Data_cleaned.csv
Y70984568,Apartment,Navi Mumbai,,Yes,Owner,3.0,,1,0.0,Unknown,North,5,1,9,Shree Chamunda Devpriya,0.0,0.0,0,1125285.0,,,,80.361095,80.361095,2023-09-23,38.0,Dealer,6,,Invalid total_price,dataset_3_real_estate_RE_Combined_Data_cleaned.csv
P70984564,Apartment,Navi Mumbai,,Yes,Owner,2.0,,1,0.0,Unknown,North,5,1,9,Shree Chamunda Devpriya,0.0,0.0,0,1125285.0,,,,53.976643,53.976643,2023-09-23,38.0,Dealer,6,,Invalid total_price,dataset_3_real_estate_RE_Combined_Data_cleaned.csv
R70063996,Apartment,Navi Mumbai,,Yes,Owner,3.0,,1,0.0,Unknown,North,5,1,15,Millennium Flora,0.0,0.0,0,1075060.0,,,,70.792086,81.568834,2023-09-16,38.0,Dealer,50,,Invalid total_price,dataset_3_real_estate_RE_Combined_Data_cleaned.csv
M70063992,Apartment,Navi Mumbai,,Yes,Owner,2.0,,1,0.0,Unknown,North,5,1,15,Millennium Flora,0.0,0.0,0,1075060.0,,,,54.534061,63.638555,2023-09-16,38.0,Dealer,50,,Invalid total_price,dataset_3_real_estate_RE_Combined_Data_cleaned.csv
P70063990,Apartment,Navi Mumbai,,Yes,Owner,1.0,,1,0.0,Unknown,North,5,1,15,Millennium Flora,0.0,0.0,0,1075060.0,,,,36.046364,39.297969,2023-09-16,38.0,Dealer,50,,Invalid total_price,dataset_3_real_estate_RE_Combined_Data_cleaned.csv
G69019384,Apartment,Central Mumbai Suburbs,,Yes,Owner,2.0,,1,0.0,Unknown,North,5,1,20,Horizon Shloka,0.0,0.0,0,1062400.0,,,,66.239839,66.239839,2023-09-16,38.0,Dealer,50,,Invalid total_price,dataset_3_real_estate_RE_Combined_Data_cleaned.csv
X69019382,Apartment,Central Mumbai Suburbs,,Yes,Owner,1.0,,1,0.0,Unknown,North,5,1,20,Horizon Shloka,0.0,0.0,0,1062400.0,,,,42.549574,42.549574,2023-09-16,38.0,Dealer,50,,Invalid total_price,dataset_3_real_estate_RE_Combined_Data_cleaned.csv
Y69019116,Apartment,Central Mumbai Suburbs,,Yes,Owner,3.0,,1,0.0,Unknown,North,5,1,20,Maverick Nami Chs,0.0,0.0,0,1059440.0,,,,104.330069,130.157103,2023-09-16,38.0,Dealer,50,,Invalid total_price,dataset_3_real_estate_RE_Combined_Data_cleaned.csv
L69019114,Apartment,Central Mumbai Suburbs,,Yes,Owner,2.0,,1,0.0,Unknown,North,5,1,20,Maverick Nami Chs,0.0,0.0,0,1059440.0,,,,79.153356,79.710774,2023-09-16,38.0,Dealer,50,,Invalid total_price,dataset_3_real_estate_RE_Combined_Data_cleaned.csv
N68476714,Apartment,Central Mumbai Suburbs,,Yes,Owner,4.0,,1,0.0,Unknown,North,5,1,20,Innovative Parekh House,0.0,0.0,0,1076447.0,,,,137.217731,137.217731,2023-09-16,38.0,Dealer,50,,Invalid total_price,dataset_3_real_estate_RE_Combined_Data_cleaned.csv
V68476712,Apartment,Central Mumbai Suburbs,,Yes,Owner,3.0,,1,0.0,Unknown,North,5,1,20,Innovative Parekh House,0.0,0.0,0,1076447.0,,,,486.533011,486.533011,2023-09-16,38.0,Dealer,50,,Invalid total_price,dataset_3_real_estate_RE_Combined_Data_cleaned.csv
O68476710,Apartment,Central Mumbai Suburbs,,Yes,Owner,2.0,,1,0.0,Unknown,North,5,1,20,Innovative Parekh House,0.0,0.0,0,1076447.0,,,,698.351851,698.351851,2023-09-16,38.0,Dealer,50,,Invalid total_price,dataset_3_real_estate_RE_Combined_Data_cleaned.csv
D68476708,Apartment,Central Mumbai Suburbs,,Yes,Owner,1.0,,1,0.0,Unknown,North,5,1,20,Innovative Parekh House,0.0,0.0,0,1076447.0,,,,385.082935,385.082935,2023-09-16,38.0,Dealer,50,,Invalid total_price,dataset_3_real_estate_RE_Combined_Data_cleaned.csv
D68229832,Apartment,South Mumbai,,Yes,Owner,5.0,,1,0.0,Unknown,North,6,1,35,Sobhaniye Riddhi Siddhi Apartment,0.0,0.0,0,128857.0,,,,76.087557,76.087557,2023-09-16,38.0,Dealer,50,,Invalid total_price,dataset_3_real_estate_RE_Combined_Data_cleaned.csv
W68229830,Apartment,South Mumbai,,Yes,Owner,3.0,,1,0.0,Unknown,North,6,1,35,Sobhaniye Riddhi Siddhi Apartment,0.0,0.0,0,128857.0,,,,82.590767,158.120906,2023-09-16,38.0,Dealer,50,,Invalid total_price,dataset_3_real_estate_RE_Combined_Data_cleaned.csv
R68229828,Apartment,South Mumbai,,Yes,Owner,2.0,,1,0.0,Unknown,North,6,1,35,Sobhaniye Riddhi Siddhi Apartment,0.0,0.0,0,128857.0,,,,64.753391,123.56099,2023-09-16,38.0,Dealer,50,,Invalid total_price,dataset_3_real_estate_RE_Combined_Data_cleaned.csv
I68229826,Apartment,South Mumbai,,Yes,Owner,1.0,,1,0.0,Unknown,North,6,1,35,Sobhaniye Riddhi Siddhi Apartment,0.0,0.0,0,128857.0,,,,43.199895,48.495366,2023-09-16,38.0,Dealer,50,,Invalid total_price,dataset_3_real_estate_RE_Combined_Data_cleaned.csv
Z70233256,Apartment,South Mumbai,,Yes,Owner,6.0,,1,0.0,Unknown,North,6,1,20,Jron Shree Krishna Niwas,0.0,0.0,0,544269.0,,,,235.04459,250.094876,2023-09-16,38.0,Dealer,50,,Invalid total_price,dataset_3_real_estate_RE_Combined_Data_cleaned.csv
L70233254,Apartment,South Mumbai,,Yes,Owner,5.0,,1,0.0,Unknown,North,6,1,20,Jron Shree Krishna Niwas,0.0,0.0,0,544269.0,,,,189.800829,189.800829,2023-09-16,38.0,Dealer,50,,Invalid total_price,dataset_3_real_estate_RE_Combined_Data_cleaned.csv
P70233250,Apartment,South Mumbai,,Yes,Owner,4.0,,1,0.0,Unknown,North,6,1,20,Jron Shree Krishna Niwas,0.0,0.0,0,544269.0,,,,145.021583,145.021583,2023-09-16,38.0,Dealer,50,,Invalid total_price,dataset_3_real_estate_RE_Combined_Data_cleaned.csv
T71005350,Apartment,Mumbai Beyond Thane,,Yes,Owner,3.0,,1,0.0,Unknown,North,5,1,25,Paradise Sai World Dreams,0.0,0.0,0,1079666.0,,,,76.644975,121.981639,2023-09-24,38.0,Dealer,6,,Invalid total_price,dataset_3_real_estate_RE_Combined_Data_cleaned.csv
Y70741928,Apartment,Central Mumbai Suburbs,,Yes,Owner,1.0,,1,0.0,Unknown,North,5,1,20,Shiv Srishti Oasis,0.0,0.0,0,1120717.0,,,,33.352177,33.352177,2023-09-10,38.0,Dealer,50,,Invalid total_price,dataset_3_real_estate_RE_Combined_Data_cleaned.csv
P70741926,Apartment,Central Mumbai Suburbs,,Yes,Owner,3.0,,1,0.0,Unknown,North,5,1,20,Shiv Srishti Oasis,0.0,0.0,0,1120717.0,,,,79.339162,84.077215,2023-09-10,38.0,Dealer,50,,Invalid total_price,dataset_3_real_estate_RE_Combined_Data_cleaned.csv
X70741924,Apartment,Central Mumbai Suburbs,,Yes,Owner,2.0,,1,0.0,Unknown,North,5,1,20,Shiv Srishti Oasis,0.0,0.0,0,1120717.0,,,,39.390872,59.829532,2023-09-10,38.0,Dealer,50,,Invalid total_price,dataset_3_real_estate_RE_Combined_Data_cleaned.csv
Z70741896,Apartment,Mumbai Andheri-Dahisar,,Yes,Owner,1.0,,1,0.0,Unknown,North,5,1,13,Chandiwala Pearl Heaven,0.0,0.0,0,1061571.0,,,,35.396043,44.686343,2023-09-10,38.0,Dealer,3,,Invalid total_price,dataset_3_real_estate_RE_Combined_Data_cleaned.csv
H70741894,Apartment,Mumbai Andheri-Dahisar,,Yes,Owner,3.0,,1,0.0,Unknown,North,5,1,13,Chandiwala Pearl Heaven,0.0,0.0,0,1061571.0,,,,55.463091,55.463091,2023-09-10,38.0,Dealer,3,,Invalid total_price,dataset_3_real_estate_RE_Combined_Data_cleaned.csv
Q70741892,Apartment,Mumbai Andheri-Dahisar,,Yes,Owner,2.0,,1,0.0,Unknown,North,5,1,13,Chandiwala Pearl Heaven,0.0,0.0,0,1061571.0,,,,41.434738,46.4515,2023-09-10,38.0,Dealer,3,,Invalid total_price,dataset_3_real_estate_RE_Combined_Data_cleaned.csv
S70493228,Apartment,Mumbai Andheri-Dahisar,,Yes,Owner,4.0,,1,0.0,Unknown,North,5,1,16,Codename Rare By Runwal,0.0,0.0,0,1077601.0,,,,170.755714,170.755714,2023-09-23,38.0,Dealer,8,,Invalid total_price,dataset_3_real_estate_RE_Combined_Data_cleaned.csv
U70493224,Apartment,Mumbai Andheri-Dahisar,,Yes,Owner,3.0,,1,0.0,Unknown,North,5,1,16,Codename Rare By Runwal,0.0,0.0,0,1077601.0,,,,102.286203,112.970048,2023-09-23,38.0,Dealer,8,,Invalid total_price,dataset_3_real_estate_RE_Combined_Data_cleaned.csv
D70493222,Apartment,Mumbai Andheri-Dahisar,,Yes,Owner,2.0,,1,0.0,Unknown,North,5,1,16,Codename Rare By Runwal,0.0,0.0,0,1077601.0,,,,79.89658,79.89658,2023-09-23,38.0,Dealer,8,,Invalid total_price,dataset_3_real_estate_RE_Combined_Data_cleaned.csv
L70212358,Apartment,Navi Mumbai,,Yes,Owner,1.0,,1,0.0,Unknown,North,5,1,23,Omkar Planet,0.0,0.0,0,1059760.0,,,,31.865729,31.865729,2023-09-16,38.0,Dealer,13,,Invalid total_price,dataset_3_real_estate_RE_Combined_Data_cleaned.csv
M70683210,Apartment,South Mumbai,,Yes,Owner,6.0,,1,0.0,Unknown,North,5,1,66,Raheja The Riviere Worli Skyline,0.0,0.0,0,1121373.0,,,,254.647123,254.647123,2023-09-07,38.0,Dealer,11,,Invalid total_price,dataset_3_real_estate_RE_Combined_Data_cleaned.csv
F70601636,Apartment,Navi Mumbai,,Yes,Owner,2.0,,1,0.0,Unknown,North,5,1,11,Lk Vivanta,0.0,0.0,0,1083792.0,,,,47.937948,54.162449,2023-09-03,38.0,Dealer,8,,Invalid total_price,dataset_3_real_estate_RE_Combined_Data_cleaned.csv
A70601634,Apartment,Navi Mumbai,,Yes,Owner,1.0,,1,0.0,Unknown,North,5,1,11,Lk Vivanta,0.0,0.0,0,1083792.0,,,,34.745722,34.838625,2023-09-03,38.0,Dealer,8,,Invalid total_price,dataset_3_real_estate_RE_Combined_Data_cleaned.csv
I70688702,Apartment,Mumbai Andheri-Dahisar,,Yes,Owner,2.0,,1,0.0,Unknown,North,5,1,34,Omkar Signet,0.0,0.0,0,507073.0,,,,44.59344,46.730209,2023-09-07,38.0,Dealer,15,,Invalid total_price,dataset_3_real_estate_RE_Combined_Data_cleaned.csv
G70688700,Apartment,Mumbai Andheri-Dahisar,,Yes,Owner,1.0,,1,0.0,Unknown,North,5,1,34,Omkar Signet,0.0,0.0,0,507073.0,,,,30.936699,30.936699,2023-09-07,38.0,Dealer,15,,Invalid total_price,dataset_3_real_estate_RE_Combined_Data_cleaned.csv
Z70985388,Apartment,Navi Mumbai,,Yes,Owner,3.0,,1,0.0,Unknown,North,5,1,7,Shree Delta Elite,0.0,0.0,0,1090802.0,,,,74.694012,74.694012,2023-09-23,38.0,Dealer,49,,Invalid total_price,dataset_3_real_estate_RE_Combined_Data_cleaned.csv
L70985386,Apartment,Navi Mumbai,,Yes,Owner,2.0,,1,0.0,Unknown,North,5,1,7,Shree Delta Elite,0.0,0.0,0,1090802.0,,,,53.697934,53.697934,2023-09-23,38.0,Dealer,49,,Invalid total_price,dataset_3_real_estate_RE_Combined_Data_cleaned.csv
T70985384,Apartment,Navi Mumbai,,Yes,Owner,1.0,,1,0.0,Unknown,North,5,1,7,Shree Delta Elite,0.0,0.0,0,1090802.0,,,,36.417976,36.417976,2023-09-23,38.0,Dealer,49,,Invalid total_price,dataset_3_real_estate_RE_Combined_Data_cleaned.csv
S70692302,Apartment,Mumbai Beyond Thane,,Yes,Owner,2.0,,1,0.0,Unknown,North,5,1,12,Atlantic,0.0,0.0,0,1077148.0,,,,52.768904,52.768904,2023-09-07,38.0,Dealer,6,,Invalid total_price,dataset_3_real_estate_RE_Combined_Data_cleaned.csv
H70583650,Apartment,Central Mumbai Suburbs,,Yes,Owner,2.0,,1,0.0,Unknown,North,5,1,16,Swaranjali Rajshree Fifty Five East,0.0,0.0,0,1104162.0,,,,45.243761,53.326322,2023-09-02,38.0,Dealer,48,,Invalid total_price,dataset_3_real_estate_RE_Combined_Data_cleaned.csv
Y70583648,Apartment,Central Mumbai Suburbs,,Yes,Owner,1.0,,1,0.0,Unknown,North,5,1,16,Swaranjali Rajshree Fifty Five East,0.0,0.0,0,1104162.0,,,,33.816692,36.603782,2023-09-02,38.0,Dealer,48,,Invalid total_price,dataset_3_real_estate_RE_Combined_Data_cleaned.csv
I70583464,Apartment,Central Mumbai Suburbs,,Yes,Owner,2.0,,1,0.0,Unknown,North,5,1,20,East Syde,0.0,0.0,0,1066096.0,,,,49.331493,49.331493,2023-09-02,38.0,Dealer,49,,Invalid total_price,dataset_3_real_estate_RE_Combined_Data_cleaned.csv
O70583460,Apartment,Central Mumbai Suburbs,,Yes,Owner,1.0,,1,0.0,Unknown,North,5,1,20,East Syde,0.0,0.0,0,1066096.0,,,,35.674752,35.674752,2023-09-02,38.0,Dealer,49,,Invalid total_price,dataset_3_real_estate_RE_Combined_Data_cleaned.csv
X70583332,Apartment,Central Mumbai Suburbs,,Yes,Owner,3.0,,1,0.0,Unknown,North,5,1,20,Gurukrupa Aagam,0.0,0.0,0,1074739.0,,,,92.903,92.903,2023-09-02,38.0,Dealer,49,,Invalid total_price,dataset_3_real_estate_RE_Combined_Data_cleaned.csv
N70583328,Apartment,Central Mumbai Suburbs,,Yes,Owner,2.0,,1,0.0,Unknown,North,5,1,20,Gurukrupa Aagam,0.0,0.0,0,1074739.0,,,,62.059204,62.059204,2023-09-02,38.0,Dealer,49,,Invalid total_price,dataset_3_real_estate_RE_Combined_Data_cleaned.csv
C70583112,Apartment,Central Mumbai Suburbs,,Yes,Owner,3.0,,1,0.0,Unknown,North,5,1,20,Saptrishi Shree Balaji 135,0.0,0.0,0,1065049.0,,,,70.60628,70.60628,2023-09-02,38.0,Dealer,49,,Invalid total_price,dataset_3_real_estate_RE_Combined_Data_cleaned.csv
U70583110,Apartment,Central Mumbai Suburbs,,Yes,Owner,2.0,,1,0.0,Unknown,North,5,1,20,Saptrishi Shree Balaji 135,0.0,0.0,0,1065049.0,,,,49.052784,49.052784,2023-09-02,38.0,Dealer,49,,Invalid total_price,dataset_3_real_estate_RE_Combined_Data_cleaned.csv
A70583000,Apartment,Central Mumbai Suburbs,,Yes,Owner,3.0,,1,0.0,Unknown,North,5,1,24,Royal Altezza,0.0,0.0,0,1066163.0,,,,91.323649,91.323649,2023-09-02,38.0,Dealer,10,,Invalid total_price,dataset_3_real_estate_RE_Combined_Data_cleaned.csv
B70582996,Apartment,Central Mumbai Suburbs,,Yes,Owner,2.0,,1,0.0,Unknown,North,5,1,24,Royal Altezza,0.0,0.0,0,1066163.0,,,,65.682421,65.682421,2023-09-02,38.0,Dealer,10,,Invalid total_price,dataset_3_real_estate_RE_Combined_Data_cleaned.csv
Z70720674,Apartment,Thane,,Yes,Owner,1.0,,1,0.0,Unknown,North,5,1,7,Sumar K P Tower,0.0,0.0,0,1111700.0,,,,21.088981,21.088981,2023-09-09,38.0,Dealer,50,,Invalid total_price,dataset_3_real_estate_RE_Combined_Data_cleaned.csv
P70720670,Apartment,Thane,,Yes,Owner,1.0,,1,0.0,Unknown,North,5,1,7,Sumar K P Tower,0.0,0.0,0,1111700.0,,,,24.805101,41.248932,2023-09-09,38.0,Dealer,50,,Invalid total_price,dataset_3_real_estate_RE_Combined_Data_cleaned.csv
X70720586,Apartment,Mumbai Beyond Thane,,Yes,Owner,2.0,,1,0.0,Unknown,North,5,1,20,Crown Residency,0.0,0.0,0,1056101.0,,,,83.148185,83.148185,2023-09-09,38.0,Dealer,15,,Invalid total_price,dataset_3_real_estate_RE_Combined_Data_cleaned.csv
K70720584,Apartment,Mumbai Beyond Thane,,Yes,Owner,1.0,,1,0.0,Unknown,North,5,1,20,Crown Residency,0.0,0.0,0,1056101.0,,,,56.67083,62.24501,2023-09-09,38.0,Dealer,15,,Invalid total_price,dataset_3_real_estate_RE_Combined_Data_cleaned.csv
N70942984,Apartment,Mumbai Andheri-Dahisar,,Yes,Owner,3.0,,1,0.0,Unknown,North,5,1,11,Rakshi Elanza,0.0,0.0,0,1077884.0,,,,85.47076,85.47076,2023-09-21,38.0,Dealer,15,,Invalid total_price,dataset_3_real_estate_RE_Combined_Data_cleaned.csv
F70942982,Apartment,Mumbai Andheri-Dahisar,,Yes,Owner,2.0,,1,0.0,Unknown,North,5,1,11,Rakshi Elanza,0.0,0.0,0,1077884.0,,,,52.211486,61.594689,2023-09-21,38.0,Dealer,15,,Invalid total_price,dataset_3_real_estate_RE_Combined_Data_cleaned.csv
B70942980,Apartment,Mumbai Andheri-Dahisar,,Yes,Owner,1.0,,1,0.0,Unknown,North,5,1,11,Rakshi Elanza,0.0,0.0,0,1077884.0,,,,35.860558,38.554745,2023-09-21,38.0,Dealer,15,,Invalid total_price,dataset_3_real_estate_RE_Combined_Data_cleaned.csv
W70942978,Apartment,Mumbai Andheri-Dahisar,,Yes,Owner,3.0,,1,0.0,Unknown,North,5,1,20,Chaitanya Anand,0.0,0.0,0,1060518.0,,,,76.644975,100.799755,2023-09-21,38.0,Dealer,50,,Invalid total_price,dataset_3_real_estate_RE_Combined_Data_cleaned.csv
P70942976,Apartment,Mumbai Andheri-Dahisar,,Yes,Owner,2.0,,1,0.0,Unknown,North,5,1,20,Chaitanya Anand,0.0,0.0,0,1060518.0,,,,42.828283,53.88374,2023-09-21,38.0,Dealer,50,,Invalid total_price,dataset_3_real_estate_RE_Combined_Data_cleaned.csv
D70942974,Apartment,Mumbai Andheri-Dahisar,,Yes,Owner,1.0,,1,0.0,Unknown,North,5,1,20,Chaitanya Anand,0.0,0.0,0,1060518.0,,,,33.352177,34.095401,2023-09-21,38.0,Dealer,50,,Invalid total_price,dataset_3_real_estate_RE_Combined_Data_cleaned.csv
W70601740,Apartment,South Mumbai,,Yes,Owner,6.0,,1,0.0,Unknown,North,5,1,47,25 South,0.0,0.0,0,531729.0,,,,673.54675,683.673177,2023-08-31,38.0,Dealer,15,,Invalid total_price,dataset_3_real_estate_RE_Combined_Data_cleaned.csv
I70601738,Apartment,South Mumbai,,Yes,Owner,4.0,,1,0.0,Unknown,North,5,1,47,25 South,0.0,0.0,0,531729.0,,,,184.040843,401.433863,2023-08-31,38.0,Dealer,15,,Invalid total_price,dataset_3_real_estate_RE_Combined_Data_cleaned.csv
I70601736,Apartment,South Mumbai,,Yes,Owner,3.0,,1,0.0,Unknown,North,5,1,47,25 South,0.0,0.0,0,531729.0,,,,134.70935,160.350578,2023-08-31,38.0,Dealer,15,,Invalid total_price,dataset_3_real_estate_RE_Combined_Data_cleaned.csv
L70601734,Apartment,South Mumbai,,Yes,Owner,5.0,,1,0.0,Unknown,North,6,1,58,Raheja Imperia,0.0,0.0,0,54912.0,,,,262.543878,297.2896,2023-08-31,38.0,Dealer,11,,Invalid total_price,dataset_3_real_estate_RE_Combined_Data_cleaned.csv
S70601732,Apartment,South Mumbai,,Yes,Owner,4.0,,1,0.0,Unknown,North,6,1,58,Raheja Imperia,0.0,0.0,0,54912.0,,,,179.395693,185.806,2023-08-31,38.0,Dealer,11,,Invalid total_price,dataset_3_real_estate_RE_Combined_Data_cleaned.csv
Z69016658,Apartment,Central Mumbai Suburbs,,Yes,Owner,5.0,,1,0.0,Unknown,North,5,1,20,Vikas 11,0.0,0.0,0,1101060.0,,,,202.156928,294.223801,2023-09-16,38.0,Dealer,11,,Invalid total_price,dataset_3_real_estate_RE_Combined_Data_cleaned.csv
Y69016656,Apartment,Central Mumbai Suburbs,,Yes,Owner,4.0,,1,0.0,Unknown,North,5,1,20,Vikas 11,0.0,0.0,0,1101060.0,,,,153.940271,168.804751,2023-09-16,38.0,Dealer,11,,Invalid total_price,dataset_3_real_estate_RE_Combined_Data_cleaned.csv
T69016654,Apartment,Central Mumbai Suburbs,,Yes,Owner,3.0,,1,0.0,Unknown,North,5,1,20,Vikas 11,0.0,0.0,0,1101060.0,,,,106.745547,116.12875,2023-09-16,38.0,Dealer,11,,Invalid total_price,dataset_3_real_estate_RE_Combined_Data_cleaned.csv
O69016434,Apartment,Central Mumbai Suburbs,,Yes,Owner,3.0,,1,0.0,Unknown,North,5,1,20,Ace Ambience,0.0,0.0,0,1077097.0,,,,87.050111,110.461667,2023-09-16,38.0,Dealer,50,,Invalid total_price,dataset_3_real_estate_RE_Combined_Data_cleaned.csv
I69016432,Apartment,Central Mumbai Suburbs,,Yes,Owner,2.0,,1,0.0,Unknown,North,5,1,20,Ace Ambience,0.0,0.0,0,1077097.0,,,,66.518548,80.639804,2023-09-16,38.0,Dealer,50,,Invalid total_price,dataset_3_real_estate_RE_Combined_Data_cleaned.csv
N69016430,Apartment,Central Mumbai Suburbs,,Yes,Owner,1.0,,1,0.0,Unknown,North,5,1,20,Ace Ambience,0.0,0.0,0,1077097.0,,,,45.52247,45.52247,2023-09-16,38.0,Dealer,50,,Invalid total_price,dataset_3_real_estate_RE_Combined_Data_cleaned.csv
D70984554,Apartment,Navi Mumbai,,Yes,Owner,3.0,,1,0.0,Unknown,North,5,1,9,Shree Chamunda Devpriya,0.0,0.0,0,1125285.0,,,,80.361095,80.361095,2023-09-23,38.0,Dealer,6,,Invalid total_price,dataset_3_real_estate_RE_Combined_Data_cleaned.csv
C70984552,Apartment,Navi Mumbai,,Yes,Owner,2.0,,1,0.0,Unknown,North,5,1,9,Shree Chamunda Devpriya,0.0,0.0,0,1125285.0,,,,53.976643,53.976643,2023-09-23,38.0,Dealer,6,,Invalid total_price,dataset_3_real_estate_RE_Combined_Data_cleaned.csv
K70677510,Apartment,Mumbai Andheri-Dahisar,,Yes,Owner,3.0,,1,0.0,Unknown,North,5,1,17,Romell Orbis,0.0,0.0,0,1030461.0,,,,79.710774,79.710774,2023-08-31,38.0,Dealer,13,,Invalid total_price,dataset_3_real_estate_RE_Combined_Data_cleaned.csv
A70677508,Apartment,Mumbai Andheri-Dahisar,,Yes,Owner,2.0,,1,0.0,Unknown,North,5,1,17,Romell Orbis,0.0,0.0,0,1030461.0,,,,56.856636,58.993405,2023-08-31,38.0,Dealer,13,,Invalid total_price,dataset_3_real_estate_RE_Combined_Data_cleaned.csv
Q70435584,Apartment,Mumbai Andheri-Dahisar,,Yes,Owner,5.0,,1,0.0,Unknown,North,5,1,62,Omkar Alta Monte,0.0,0.0,0,535215.0,,,,171.498938,207.17369,2023-08-25,38.0,Dealer,9,,Invalid total_price,dataset_3_real_estate_RE_Combined_Data_cleaned.csv
X70435582,Apartment,Mumbai Andheri-Dahisar,,Yes,Owner,4.0,,1,0.0,Unknown,North,5,1,62,Omkar Alta Monte,0.0,0.0,0,535215.0,,,,116.500362,309.36699,2023-08-25,38.0,Dealer,9,,Invalid total_price,dataset_3_real_estate_RE_Combined_Data_cleaned.csv
X70920500,Apartment,Mumbai South West,,Yes,Owner,4.0,,1,0.0,Unknown,North,6,1,20,Mayfair Maaya,0.0,0.0,0,150553.0,,,,323.30244,323.30244,2023-09-19,38.0,Dealer,49,,Invalid total_price,dataset_3_real_estate_RE_Combined_Data_cleaned.csv
D70920498,Apartment,Mumbai South West,,Yes,Owner,3.0,,1,0.0,Unknown,North,6,1,20,Mayfair Maaya,0.0,0.0,0,150553.0,,,,278.709,278.709,2023-09-19,38.0,Dealer,49,,Invalid total_price,dataset_3_real_estate_RE_Combined_Data_cleaned.csv
F70716256,Apartment,Mumbai Beyond Thane,,Yes,Owner,3.0,,1,0.0,Unknown,North,6,1,15,Tharwani Vedant Millenia,0.0,0.0,0,32655.0,,,,109.532637,109.532637,2023-09-08,38.0,Dealer,7,,Invalid total_price,dataset_3_real_estate_RE_Combined_Data_cleaned.csv
A70716218,Apartment,Mumbai Beyond Thane,,Yes,Owner,2.0,,1,0.0,Unknown,North,5,1,15,Tharwani Vedant Millenia,0.0,0.0,0,32655.0,,,,60.38695,60.38695,2023-09-08,38.0,Dealer,7,,Invalid total_price,dataset_3_real_estate_RE_Combined_Data_cleaned.csv
H70716128,Apartment,Mumbai Beyond Thane,,Yes,Owner,1.0,,1,0.0,Unknown,North,5,1,15,Tharwani Vedant Millenia,0.0,0.0,0,32655.0,,,,42.73538,42.73538,2023-09-08,38.0,Dealer,7,,Invalid total_price,dataset_3_real_estate_RE_Combined_Data_cleaned.csv
S70216748,Apartment,Navi Mumbai,,Yes,Owner,1.0,,1,0.0,Unknown,North,5,1,37,Nivasti Avisaa,0.0,0.0,0,769016.0,,,,30.193475,30.286378,2023-09-16,38.0,Dealer,10,,Invalid total_price,dataset_3_real_estate_RE_Combined_Data_cleaned.csv
F70457676,Apartment,South Mumbai,,Yes,Owner,5.0,,1,0.0,Unknown,North,6,1,75,Lodha Kiara,0.0,0.0,0,514719.0,,,,209.496265,209.496265,2023-09-16,38.0,Dealer,15,,Invalid total_price,dataset_3_real_estate_RE_Combined_Data_cleaned.csv
Q70457672,Apartment,South Mumbai,,Yes,Owner,4.0,,1,0.0,Unknown,North,6,1,75,Lodha Kiara,0.0,0.0,0,514719.0,,,,158.120906,158.120906,2023-09-16,38.0,Dealer,15,,Invalid total_price,dataset_3_real_estate_RE_Combined_Data_cleaned.csv
V70457668,Apartment,South Mumbai,,Yes,Owner,3.0,,1,0.0,Unknown,North,6,1,75,Lodha Kiara,0.0,0.0,0,514719.0,,,,109.346831,111.204891,2023-09-16,38.0,Dealer,15,,Invalid total_price,dataset_3_real_estate_RE_Combined_Data_cleaned.csv
W70457662,Apartment,South Mumbai,,Yes,Owner,2.0,,1,0.0,Unknown,North,6,1,75,Lodha Kiara,0.0,0.0,0,514719.0,,,,85.47076,85.47076,2023-09-16,38.0,Dealer,15,,Invalid total_price,dataset_3_real_estate_RE_Combined_Data_cleaned.csv
O70564118,Apartment,Navi Mumbai,,Yes,Owner,1.0,,1,0.0,Unknown,North,5,1,6,Shubham Residency,0.0,0.0,0,318433.0,,,,19.323824,19.323824,2023-09-01,38.0,Dealer,15,,Invalid total_price,dataset_3_real_estate_RE_Combined_Data_cleaned.csv
A70846230,Apartment,Navi Mumbai,,Yes,Owner,4.0,,1,0.0,Unknown,North,6,1,38,Indiabulls Greens,0.0,0.0,0,13208.0,,,,131.271939,131.271939,2023-09-16,38.0,Dealer,7,,Invalid total_price,dataset_3_real_estate_RE_Combined_Data_cleaned.csv
H70846228,Apartment,Navi Mumbai,,Yes,Owner,3.0,,1,0.0,Unknown,North,6,1,38,Indiabulls Greens,0.0,0.0,0,13208.0,,,,91.323649,91.323649,2023-09-16,38.0,Dealer,7,,Invalid total_price,dataset_3_real_estate_RE_Combined_Data_cleaned.csv
I70846226,Apartment,Navi Mumbai,,Yes,Owner,2.0,,1,0.0,Unknown,North,6,1,38,Indiabulls Greens,0.0,0.0,0,13208.0,,,,62.988234,62.988234,2023-09-16,38.0,Dealer,7,,Invalid total_price,dataset_3_real_estate_RE_Combined_Data_cleaned.csv
I70813212,Apartment,Mumbai Beyond Thane,,Yes,Owner,1.0,,1,0.0,Unknown,North,5,1,29,Marathon Nexworld,0.0,0.0,0,129735.0,,,,19.045115,19.045115,2023-09-14,38.0,Dealer,15,,Invalid total_price,dataset_3_real_estate_RE_Combined_Data_cleaned.csv
Q70688768,Apartment,Mumbai Andheri-Dahisar,,Yes,Owner,4.0,,1,0.0,Unknown,North,5,1,62,Omkar Alta Monte,0.0,0.0,0,535215.0,,,,116.500362,309.36699,2023-09-07,38.0,Dealer,9,,Invalid total_price,dataset_3_real_estate_RE_Combined_Data_cleaned.csv
S70741536,Apartment,South Mumbai,,Yes,Owner,4.0,,1,0.0,Unknown,North,5,1,55,Indiabulls Sky Forest,0.0,0.0,0,45834.0,,,,399.575803,409.423521,2023-08-31,38.0,Dealer,11,,Invalid total_price,dataset_3_real_estate_RE_Combined_Data_cleaned.csv
E70741532,Apartment,South Mumbai,,Yes,Owner,3.0,,1,0.0,Unknown,North,5,1,55,Indiabulls Sky Forest,0.0,0.0,0,45834.0,,,,272.670305,353.0314,2023-08-31,38.0,Dealer,11,,Invalid total_price,dataset_3_real_estate_RE_Combined_Data_cleaned.csv
R70692116,Apartment,Mumbai Beyond Thane,,Yes,Owner,2.0,,1,0.0,Unknown,North,5,1,24,Honest Kalyan Vihar,0.0,0.0,0,1084042.0,,,,45.057955,45.057955,2023-09-07,38.0,Dealer,9,,Invalid total_price,dataset_3_real_estate_RE_Combined_Data_cleaned.csv
M70692114,Apartment,Mumbai Beyond Thane,,Yes,Owner,1.0,,1,0.0,Unknown,North,5,1,24,Honest Kalyan Vihar,0.0,0.0,0,1084042.0,,,,35.674752,44.221828,2023-09-07,38.0,Dealer,9,,Invalid total_price,dataset_3_real_estate_RE_Combined_Data_cleaned.csv
Z70692052,Apartment,Mumbai Beyond Thane,,Yes,Owner,1.0,,1,0.0,Unknown,North,5,1,20,Kalyan Residency,0.0,0.0,0,1077144.0,,,,22.110914,22.110914,2023-09-07,38.0,Dealer,22,,Invalid total_price,dataset_3_real_estate_RE_Combined_Data_cleaned.csv
M70692050,Apartment,Mumbai Beyond Thane,,Yes,Owner,2.0,,1,0.0,Unknown,North,5,1,20,Kalyan Residency,0.0,0.0,0,1077144.0,,,,54.069546,54.069546,2023-09-07,38.0,Dealer,22,,Invalid total_price,dataset_3_real_estate_RE_Combined_Data_cleaned.csv
Q70601730,Apartment,South Mumbai,,Yes,Owner,6.0,,1,0.0,Unknown,North,5,1,67,Lokhandwala Minerva,0.0,0.0,0,22280.0,,,,902.08813,902.08813,2023-08-31,38.0,Dealer,3,,Invalid total_price,dataset_3_real_estate_RE_Combined_Data_cleaned.csv
Z70601728,Apartment,South Mumbai,,Yes,Owner,5.0,,1,0.0,Unknown,North,5,1,67,Lokhandwala Minerva,0.0,0.0,0,22280.0,,,,627.09525,627.09525,2023-08-31,38.0,Dealer,3,,Invalid total_price,dataset_3_real_estate_RE_Combined_Data_cleaned.csv
Z70601726,Apartment,South Mumbai,,Yes,Owner,4.0,,1,0.0,Unknown,North,5,1,67,Lokhandwala Minerva,0.0,0.0,0,22280.0,,,,527.68904,527.68904,2023-08-31,38.0,Dealer,3,,Invalid total_price,dataset_3_real_estate_RE_Combined_Data_cleaned.csv
G70601724,Apartment,South Mumbai,,Yes,Owner,3.0,,1,0.0,Unknown,North,5,1,67,Lokhandwala Minerva,0.0,0.0,0,22280.0,,,,199.74145,199.74145,2023-08-31,38.0,Dealer,3,,Invalid total_price,dataset_3_real_estate_RE_Combined_Data_cleaned.csv
Q70583500,Apartment,Central Mumbai Suburbs,,Yes,Owner,3.0,,1,0.0,Unknown,North,5,1,20,Choice Ambe Krupa,0.0,0.0,0,1084018.0,,,,94.76106,94.76106,2023-09-02,38.0,Dealer,50,,Invalid total_price,dataset_3_real_estate_RE_Combined_Data_cleaned.csv
V70583496,Apartment,Central Mumbai Suburbs,,Yes,Owner,2.0,,1,0.0,Unknown,North,5,1,20,Choice Ambe Krupa,0.0,0.0,0,1084018.0,,,,44.407634,44.407634,2023-09-02,38.0,Dealer,50,,Invalid total_price,dataset_3_real_estate_RE_Combined_Data_cleaned.csv
M70583494,Apartment,Central Mumbai Suburbs,,Yes,Owner,1.0,,1,0.0,Unknown,North,5,1,20,Choice Ambe Krupa,0.0,0.0,0,1084018.0,,,,36.603782,36.603782,2023-09-02,38.0,Dealer,50,,Invalid total_price,dataset_3_real_estate_RE_Combined_Data_cleaned.csv
Z70583282,Apartment,Central Mumbai Suburbs,,Yes,Owner,3.0,,1,0.0,Unknown,North,5,1,15,V K Skye Signature,0.0,0.0,0,1059511.0,,,,74.043691,74.043691,2023-09-02,38.0,Dealer,15,,Invalid total_price,dataset_3_real_estate_RE_Combined_Data_cleaned.csv
Q70583280,Apartment,Central Mumbai Suburbs,,Yes,Owner,2.0,,1,0.0,Unknown,North,5,1,15,V K Skye Signature,0.0,0.0,0,1059511.0,,,,49.610202,49.610202,2023-09-02,38.0,Dealer,15,,Invalid total_price,dataset_3_real_estate_RE_Combined_Data_cleaned.csv
R70583276,Apartment,Central Mumbai Suburbs,,Yes,Owner,1.0,,1,0.0,Unknown,North,5,1,15,V K Skye Signature,0.0,0.0,0,1059511.0,,,,37.904424,37.904424,2023-09-02,38.0,Dealer,15,,Invalid total_price,dataset_3_real_estate_RE_Combined_Data_cleaned.csv
N70583240,Apartment,Central Mumbai Suburbs,,Yes,Owner,3.0,,1,0.0,Unknown,North,5,1,17,Drushti Sapphire,0.0,0.0,0,1070776.0,,,,81.475931,81.475931,2023-09-02,38.0,Dealer,13,,Invalid total_price,dataset_3_real_estate_RE_Combined_Data_cleaned.csv
O70583236,Apartment,Central Mumbai Suburbs,,Yes,Owner,2.0,,1,0.0,Unknown,North,5,1,17,Drushti Sapphire,0.0,0.0,0,1070776.0,,,,50.260523,50.260523,2023-09-02,38.0,Dealer,13,,Invalid total_price,dataset_3_real_estate_RE_Combined_Data_cleaned.csv
J70583234,Apartment,Central Mumbai Suburbs,,Yes,Owner,1.0,,1,0.0,Unknown,North,5,1,17,Drushti Sapphire,0.0,0.0,0,1070776.0,,,,36.696685,36.696685,2023-09-02,38.0,Dealer,13,,Invalid total_price,dataset_3_real_estate_RE_Combined_Data_cleaned.csv
C70583068,Apartment,Central Mumbai Suburbs,,Yes,Owner,3.0,,1,0.0,Unknown,North,5,1,23,Adeshwar 72 Parksyde,0.0,0.0,0,1053760.0,,,,89.279783,89.279783,2023-09-02,38.0,Dealer,6,,Invalid total_price,dataset_3_real_estate_RE_Combined_Data_cleaned.csv
V70583066,Apartment,Central Mumbai Suburbs,,Yes,Owner,2.0,,1,0.0,Unknown,North,5,1,23,Adeshwar 72 Parksyde,0.0,0.0,0,1053760.0,,,,55.834703,55.834703,2023-09-02,38.0,Dealer,6,,Invalid total_price,dataset_3_real_estate_RE_Combined_Data_cleaned.csv
O70583064,Apartment,Central Mumbai Suburbs,,Yes,Owner,1.0,,1,0.0,Unknown,North,5,1,23,Adeshwar 72 Parksyde,0.0,0.0,0,1053760.0,,,,37.532812,37.532812,2023-09-02,38.0,Dealer,6,,Invalid total_price,dataset_3_real_estate_RE_Combined_Data_cleaned.csv
Z70720634,Apartment,Mumbai Beyond Thane,,Yes,Owner,3.0,,1,0.0,Unknown,North,6,1,15,Archit Jewel,0.0,0.0,0,535279.0,,,,65.682421,65.682421,2023-09-09,38.0,Dealer,6,,Invalid total_price,dataset_3_real_estate_RE_Combined_Data_cleaned.csv
W70720632,Apartment,Mumbai Beyond Thane,,Yes,Owner,2.0,,1,0.0,Unknown,North,6,1,15,Archit Jewel,0.0,0.0,0,535279.0,,,,54.534061,60.479853,2023-09-09,38.0,Dealer,6,,Invalid total_price,dataset_3_real_estate_RE_Combined_Data_cleaned.csv
Z70720630,Apartment,Mumbai Beyond Thane,,Yes,Owner,1.0,,1,0.0,Unknown,North,6,1,15,Archit Jewel,0.0,0.0,0,535279.0,,,,32.144438,43.757313,2023-09-09,38.0,Dealer,6,,Invalid total_price,dataset_3_real_estate_RE_Combined_Data_cleaned.csv
Q70720566,Apartment,Mumbai Beyond Thane,,Yes,Owner,3.0,,1,0.0,Unknown,North,5,1,20,Patangwala Alishan Arcade,0.0,0.0,0,1080427.0,,,,79.246259,79.246259,2023-09-09,38.0,Dealer,49,,Invalid total_price,dataset_3_real_estate_RE_Combined_Data_cleaned.csv
M70720564,Apartment,Mumbai Beyond Thane,,Yes,Owner,2.0,,1,0.0,Unknown,North,5,1,20,Patangwala Alishan Arcade,0.0,0.0,0,1080427.0,,,,65.589518,66.983063,2023-09-09,38.0,Dealer,49,,Invalid total_price,dataset_3_real_estate_RE_Combined_Data_cleaned.csv
J70720562,Apartment,Mumbai Beyond Thane,,Yes,Owner,1.0,,1,0.0,Unknown,North,5,1,20,Patangwala Alishan Arcade,0.0,0.0,0,1080427.0,,,,41.434738,43.850216,2023-09-09,38.0,Dealer,49,,Invalid total_price,dataset_3_real_estate_RE_Combined_Data_cleaned.csv
V70720526,Apartment,Mumbai Beyond Thane,,Yes,Owner,1.0,,1,0.0,Unknown,North,6,1,8,Alliance Al Quddus Residency,0.0,0.0,0,540187.0,,,,29.450251,31.401214,2023-09-09,38.0,Dealer,7,,Invalid total_price,dataset_3_real_estate_RE_Combined_Data_cleaned.csv
U70720524,Apartment,Mumbai Beyond Thane,,Yes,Owner,2.0,,1,0.0,Unknown,North,6,1,8,Alliance Al Quddus Residency,0.0,0.0,0,540187.0,,,,68.190802,68.190802,2023-09-09,38.0,Dealer,7,,Invalid total_price,dataset_3_real_estate_RE_Combined_Data_cleaned.csv
S70720522,Apartment,Mumbai Beyond Thane,,Yes,Owner,1.0,,1,0.0,Unknown,North,6,1,8,Alliance Al Quddus Residency,0.0,0.0,0,540187.0,,,,23.783168,42.270865,2023-09-09,38.0,Dealer,7,,Invalid total_price,dataset_3_real_estate_RE_Combined_Data_cleaned.csv
S70677722,Apartment,South Mumbai,,Yes,Owner,3.0,,1,0.0,Unknown,North,5,1,20,Spenta Medius,0.0,0.0,0,385153.0,,,,97.083635,130.0642,2023-09-07,38.0,Dealer,50,,Invalid total_price,dataset_3_real_estate_RE_Combined_Data_cleaned.csv
H70677720,Apartment,South Mumbai,,Yes,Owner,2.0,,1,0.0,Unknown,North,5,1,20,Spenta Medius,0.0,0.0,0,385153.0,,,,66.146936,81.475931,2023-09-07,38.0,Dealer,50,,Invalid total_price,dataset_3_real_estate_RE_Combined_Data_cleaned.csv
R70677718,Apartment,South Mumbai,,Yes,Owner,1.0,,1,0.0,Unknown,North,5,1,20,Spenta Medius,0.0,0.0,0,385153.0,,,,47.473433,56.577927,2023-09-07,38.0,Dealer,50,,Invalid total_price,dataset_3_real_estate_RE_Combined_Data_cleaned.csv
Z70867914,Apartment,Navi Mumbai,,Yes,Owner,2.0,,1,0.0,Unknown,North,5,1,20,Aurum Q Islands R4,0.0,0.0,0,1031542.0,,,,59.736629,59.736629,2023-09-17,38.0,Dealer,34,,Invalid total_price,dataset_3_real_estate_RE_Combined_Data_cleaned.csv
P70867912,Apartment,Navi Mumbai,,Yes,Owner,3.0,,1,0.0,Unknown,North,5,1,20,Aurum Q Islands R4,0.0,0.0,0,1031542.0,,,,103.308136,103.308136,2023-09-17,38.0,Dealer,34,,Invalid total_price,dataset_3_real_estate_RE_Combined_Data_cleaned.csv
H70867910,Apartment,Navi Mumbai,,Yes,Owner,1.0,,1,0.0,Unknown,North,5,1,20,Aurum Q Islands R4,0.0,0.0,0,1031542.0,,,,40.412805,47.101821,2023-09-17,38.0,Dealer,34,,Invalid total_price,dataset_3_real_estate_RE_Combined_Data_cleaned.csv
W70699366,Apartment,Mumbai Andheri-Dahisar,,Yes,Owner,4.0,,1,0.0,Unknown,North,6,1,42,Lodha Fiorenza,0.0,0.0,0,5526.0,,,,109.346831,109.346831,2023-09-08,38.0,Dealer,15,,Invalid total_price,dataset_3_real_estate_RE_Combined_Data_cleaned.csv
K71012508,Apartment,Mumbai Harbour,,Yes,Owner,4.0,,1,0.0,Unknown,North,5,1,58,Ruparel Vivanza,0.0,0.0,0,146465.0,,,,192.30921,192.30921,2023-09-24,38.0,Dealer,50,,Invalid total_price,dataset_3_real_estate_RE_Combined_Data_cleaned.csv
W71012506,Apartment,Mumbai Harbour,,Yes,Owner,3.0,,1,0.0,Unknown,North,5,1,58,Ruparel Vivanza,0.0,0.0,0,146465.0,,,,126.162274,126.162274,2023-09-24,38.0,Dealer,50,,Invalid total_price,dataset_3_real_estate_RE_Combined_Data_cleaned.csv
P71012502,Apartment,Mumbai Harbour,,Yes,Owner,2.0,,1,0.0,Unknown,North,5,1,58,Ruparel Vivanza,0.0,0.0,0,146465.0,,,,88.629462,88.629462,2023-09-24,38.0,Dealer,50,,Invalid total_price,dataset_3_real_estate_RE_Combined_Data_cleaned.csv
